modelo,ronda,preprocess,inference,postprocess,n_det,total_ms
YOLO11n,0,5.666157999996813,9.579005999967194,0.6923050000295916,0,15.937468999993598
YOLO11n,0,7.425192999960473,12.178478000009818,1.5448679999963133,1,21.148538999966604
YOLO11n,0,6.376721000037833,15.090347000011661,0.8121760000108225,0,22.279244000060316
YOLO11n,0,7.038030999979128,13.02854200002912,0.802222000004349,0,20.868795000012597
YOLO11n,0,6.36650000001282,12.286950000031993,0.8700719999978901,0,19.523522000042703
YOLO11n,0,5.926966000004086,15.207047999979295,0.8826399999861678,0,22.01665399996955
YOLO11n,0,7.355853999968076,16.345831000023736,0.9691850000308477,0,24.67087000002266
YOLO11n,0,6.826747999980398,17.76444699999047,1.9001339999817901,1,26.491328999952657
YOLO11n,0,5.728131000012127,11.581949999992958,0.7473320000030981,0,18.057413000008182
YOLO11n,0,5.874142000038773,10.696612999993249,1.5991989999974976,1,18.16995400002952
YOLO11n,0,6.495481999991171,11.173293000013018,1.5861729999642193,4,19.254947999968408
YOLO11n,0,6.112407000046005,11.495766999985335,0.7003950000239456,0,18.308569000055286
YOLO11n,0,7.032117999983711,10.794810999982474,1.599429999998847,1,19.426358999965032
YOLO11n,0,6.862036999962129,11.831459000006816,1.5084749999800806,4,20.201970999949026
YOLO11n,0,7.368895000013254,12.57013399998641,1.49304699999675,2,21.432075999996414
YOLO11n,0,6.0329929999625165,9.691823000025579,1.4029480000203876,3,17.127764000008483
YOLO11n,0,5.78588100000843,9.354271999995944,1.3813510000204587,2,16.521504000024834
YOLO11n,0,6.025743000009243,10.425939999947786,1.499222000006739,1,17.950904999963768
YOLO11n,0,6.039463999968575,9.239211999954478,1.3237879999792312,3,16.602463999902284
YOLO11n,0,5.638393000026554,10.281329000008554,1.3345220000360314,4,17.25424400007114
YOLO11n,0,6.397979999974268,10.173133999956008,0.6042019999767945,0,17.17531599990707
YOLO11n,0,5.658707000009144,10.27447100000245,0.6166420000113249,0,16.54982000002292
YOLO11n,0,5.562091000001601,9.843743999965682,0.6625540000300134,0,16.068388999997296
YOLO11n,0,5.811034999965159,12.424288999966393,1.3999459999922692,4,19.63526999992382
YOLO11n,0,5.587743000035061,13.641144999951393,1.8529570000396234,4,21.081845000026078
YOLO11n,0,8.684767000033844,18.34236399997735,0.9657530000026782,0,27.992884000013873
YOLO11n,0,6.462239999962094,18.926947000011296,1.0297580000155904,0,26.41894499998898
YOLO11n,0,6.097965999970256,15.1776299999824,0.948592000042936,0,22.224187999995593
YOLO11n,0,6.639718000030825,15.311119999978473,1.8818719999558198,4,23.832709999965118
YOLO11n,0,6.33124799998086,11.078533999977935,0.8376579999662681,0,18.247439999925064
YOLO11n,0,6.557518999954937,13.355070999978125,0.8138540000004468,0,20.726443999933508
YOLO11n,0,6.478379000043333,14.284513999996307,1.8630410000355369,1,22.625934000075176
YOLO11n,0,5.979168999999729,16.150169000013648,0.8331129999987752,0,22.962451000012152
YOLO11n,0,5.6301700000176425,12.521327999991172,0.7663690000185852,0,18.9178670000274
YOLO11n,0,6.296702000042842,14.349579999986872,1.7075760000011542,1,22.35385800003087
YOLO11n,0,5.507950999970035,14.998622999996769,0.7466199999726086,0,21.253193999939413
YOLO11n,0,5.399162000003344,12.349664999987908,0.7796639999924082,0,18.52849099998366
YOLO11n,0,5.771949000006771,12.36160100000916,1.6511700000023666,1,19.784720000018297
YOLO11n,0,5.640338999967298,12.34430700003486,1.5997940000147537,1,19.58444000001691
YOLO11n,0,6.260544000042501,13.564260999999078,0.7955199999969409,0,20.62032500003852
YOLO11n,0,5.765534000033767,13.705936000008023,1.8860839999774726,2,21.357554000019263
YOLO11n,0,5.829423000022871,13.899922999996761,0.7656629999814868,0,20.49500900000112
YOLO11n,0,6.442099000025792,15.582461999997577,1.9960879999985082,1,24.020649000021876
YOLO11n,0,6.070932999989509,19.283789000041907,2.376910999998927,2,27.731633000030342
YOLO11n,0,7.70271099997899,10.605773999998291,0.6140059999779623,0,18.922490999955244
YOLO11n,0,3.88218699998788,8.579924000002848,0.5415869999865208,0,13.003697999977248
YOLO11n,0,3.7598700000103236,7.895799999971587,1.3075790000129928,1,12.963248999994903
YOLO11n,0,4.053630000043995,7.5713010000413306,0.520897999990666,0,12.145829000075992
YOLO11n,0,4.187540999964767,8.533069000009164,1.1515019999706055,1,13.872111999944536
YOLO11n,0,4.072603999986768,7.853882999995676,1.3031199999886667,2,13.22960699997111
YOLO11n,0,3.783433000023706,8.394734000034987,0.5193399999825488,0,12.697507000041242
YOLO11n,0,3.683402999968166,7.765658999971947,0.6203039999945759,0,12.06936599993469
YOLO11n,0,3.744829000027039,7.7897369999959665,0.49697399998649416,0,12.0315400000095
YOLO11n,0,4.385921999983111,8.699463999960244,0.46676199997364165,0,13.552147999916997
YOLO11n,0,4.124918000002253,7.894379999981993,0.49549199997045434,0,12.5147899999547
YOLO11n,0,4.088858999978129,7.8294170000390295,1.108415999965473,1,13.026691999982631
YOLO11n,0,4.2170969999801855,9.136794000028203,1.171719000012672,1,14.52561000002106
YOLO11n,0,3.843631999984609,8.248182999977871,1.023931000020184,1,13.115745999982664
YOLO11n,0,3.760461999945619,7.333667000011701,0.4821830000310001,0,11.57631199998832
YOLO11n,0,4.098623000004409,8.801861000051758,0.5888909999498537,0,13.48937500000602
YOLO11n,0,3.951914999959172,7.966787000043496,0.49116599996068544,0,12.409867999963353
YOLO11n,0,4.12079900002027,8.786433000011584,1.1389360000180204,1,14.046168000049875
YOLO11n,0,4.228330000046299,8.224171999984264,0.4917470000123103,0,12.944249000042873
YOLO11n,0,3.648262000012892,7.928172999982053,1.0947420000206876,2,12.671177000015632
YOLO11n,0,3.940490999980284,8.064617000002272,1.0558589999618562,4,13.060966999944412
YOLO11n,0,3.667884000037702,7.885833999978331,1.12615799997684,2,12.679875999992873
YOLO11n,0,4.052276999971127,8.491298000024017,0.5868260000170267,0,13.13040100001217
YOLO11n,0,4.649230999973497,8.54180100003532,0.5847310000035577,0,13.775763000012375
YOLO11n,0,4.135904999998274,8.810869000001276,1.2441750000107277,2,14.190949000010278
YOLO11n,0,4.503005000003668,8.868731000006846,1.226430999963668,1,14.598166999974183
YOLO11n,0,4.111621999982162,9.925984000005883,0.5725510000047507,0,14.610156999992796
YOLO11n,0,4.267824999999448,8.024121999994804,0.5388509999875168,0,12.830797999981769
YOLO11n,0,3.9824090000024626,7.838411000022916,1.2198399999761023,2,13.04066000000148
YOLO11n,0,4.380081999954655,8.385801000031279,1.1826589999941461,5,13.94854199998008
YOLO11n,0,4.026355999997122,8.175033999975767,0.5438609999828259,0,12.745250999955715
YOLO11n,0,4.312535999986267,8.453438999993068,1.086372000031588,2,13.852347000010923
YOLO11n,0,3.6229770000204553,8.842248999997082,0.4849489999969592,0,12.950175000014497
YOLO11n,0,4.284452000035799,8.111283999994612,1.0754519999522927,1,13.471187999982703
YOLO11n,0,3.617974000007962,8.175090999998247,0.556630000005498,0,12.349695000011707
YOLO11n,0,3.8449760000389688,8.123608000005333,0.47464199997193646,0,12.443226000016239
YOLO11n,0,3.8298179999856075,7.481138000002829,0.4665660000000571,0,11.777521999988494
YOLO11n,0,4.033939000009923,8.10090999999602,0.49281700000847195,0,12.627666000014415
YOLO11n,0,3.7419729999896845,8.292782000012267,1.0937280000007377,1,13.128483000002689
YOLO11n,0,3.902675000006184,8.115882000026886,0.518869000018185,0,12.537426000051255
YOLO11n,0,3.877636000026996,8.908291000011559,1.3091839999788135,1,14.095111000017368
YOLO11n,0,4.089263999958348,8.271849000038856,0.5713410000112162,0,12.93245400000842
YOLO11n,0,3.985079000017322,8.036106000020027,0.6052969999927882,0,12.626482000030137
YOLO11n,0,3.8221679999992375,7.882918000007066,0.5838520000338576,0,12.288938000040162
YOLO11n,0,3.782080999997106,8.108576000040557,0.5801369999858252,0,12.470794000023488
YOLO11n,0,4.1139859999930195,9.431511999991926,0.8677889999830768,0,14.413286999968022
YOLO11n,0,7.281263999971088,15.874421000035,0.9343360000002576,0,24.090021000006345
YOLO11n,0,6.59969799994542,9.806427000000895,1.293908000036481,4,17.700032999982795
YOLO11n,0,3.9887779999503437,8.20854899995993,1.1219290000212823,2,13.319255999931556
YOLO11n,0,3.6367960000234234,8.453390999989097,0.555981999980304,0,12.646168999992824
YOLO11n,0,4.410903000007238,8.422236999990673,0.5285050000338742,0,13.361645000031785
YOLO11n,0,4.166857000029722,7.7817430000095555,0.5566490000319391,0,12.505249000071217
YOLO11n,0,4.22065999998722,7.765662999986489,0.5186879999996563,0,12.505010999973365
YOLO11n,0,4.013516999975764,8.184677000031115,0.5053830000179005,0,12.70357700002478
YOLO11n,0,3.811939000001985,8.694964000028449,0.4946269999663855,0,13.00152999999682
YOLO11n,0,3.681593999999677,7.476973999985148,0.5228320000014719,0,11.681399999986297
YOLO11n,0,4.057961999990312,8.040637000021889,1.1062320000405634,1,13.204831000052764
YOLO11n,0,4.233994000003349,7.98593899997968,1.085374000012962,2,13.305306999995992
YOLO11n,0,3.90244300001541,8.014545000037288,0.5207819999668573,0,12.437770000019555
YOLO11n,0,4.100322999988748,7.482488999983161,0.48318500000732456,0,12.065996999979234
YOLO11n,0,3.8877320000096915,7.2299429999702625,0.492135000001781,0,11.609809999981735
YOLO11n,0,4.071600000031594,7.889089000002514,0.5168509999862181,0,12.477540000020326
YOLO26n,0,3.8044099999865466,9.326818999966235,0.26191899996774737,0,13.39314799992053
YOLO26n,0,4.684779999990951,9.702627000024222,0.2570760000253358,0,14.644483000040509
YOLO26n,0,5.057251000039287,9.659899999974186,0.2575260000412527,0,14.974677000054726
YOLO26n,0,3.809767000007014,9.732908999978918,0.2846060000365469,0,13.827282000022478
YOLO26n,0,3.8909950000061144,9.369042000002992,0.2841190000140159,0,13.544156000023122
YOLO26n,0,3.8328269999965414,11.240666999981386,0.33808099999532715,0,15.411574999973254
YOLO26n,0,4.927033000001302,11.024327999962225,0.3382419999979902,0,16.289602999961517
YOLO26n,0,4.243717999997898,10.501872000020285,0.4231269999763754,1,15.168716999994558
YOLO26n,0,4.17095599999584,15.110315000015362,0.4570309999962774,0,19.73830200000748
YOLO26n,0,5.161519000012049,10.505786000010175,0.3677880000054756,0,16.0350930000277
YOLO26n,0,4.671609000013177,10.597169999982725,0.44533900000942594,5,15.714118000005328
YOLO26n,0,4.26686499997686,11.408177000021169,0.3552609999815104,0,16.03030299997954
YOLO26n,0,4.915359999984048,9.734792000017478,0.3210020000210534,0,14.97115400002258
YOLO26n,0,4.2598040000143556,9.933256000010715,0.3752740000209087,4,14.56833400004598
YOLO26n,0,3.7036330000432827,10.143643999981578,0.41447000000971457,4,14.261747000034575
YOLO26n,0,3.883979000022464,9.24237300000641,0.49752500001432054,3,13.623877000043194
YOLO26n,0,3.8964230000146927,9.412363999956597,0.39741599999842947,3,13.706202999969719
YOLO26n,0,3.957224000032511,9.921379999980218,0.37046200003487684,2,14.249066000047605
YOLO26n,0,4.06055599995625,9.100405000026512,0.3704869999978655,4,13.531447999980628
YOLO26n,0,3.9084120000438816,9.815717000037694,0.3605640000046151,4,14.08469300008619
YOLO26n,0,4.267131999995399,9.701151000001573,0.38974200003849546,1,14.358025000035468
YOLO26n,0,3.7876920000030623,9.66393800001697,0.25826500001358,0,13.709895000033612
YOLO26n,0,3.83408700002974,8.993598000017755,0.4007649999948626,0,13.228450000042358
YOLO26n,0,4.525377000049957,9.996157000045969,0.3760720000514084,5,14.897606000147334
YOLO26n,0,3.6304399999949055,9.195733000012751,0.34230099998922014,3,13.168473999996877
YOLO26n,0,4.295786999989559,10.084511999991719,0.33248200003299644,0,14.712781000014274
YOLO26n,0,3.805962000001273,9.947788000033597,0.2985689999945862,0,14.052319000029456
YOLO26n,0,3.710484999999153,9.184867999977087,0.2557109999656859,0,13.151063999941925
YOLO26n,0,4.375392999975247,10.103254999989986,0.33445599996184683,5,14.81310399992708
YOLO26n,0,4.1583600000194565,9.088315999974839,0.28089300002420714,0,13.527569000018502
YOLO26n,0,4.1365459999838095,9.033220999981495,0.32798300003378245,0,13.497749999999087
YOLO26n,0,4.467310999984875,9.58087300000443,0.45557099997495243,1,14.503754999964258
YOLO26n,0,4.109556000003067,10.32067599999209,0.33411399999749847,0,14.764345999992656
YOLO26n,0,3.926736999972036,9.837723999964965,0.44238699996412834,1,14.206847999901129
YOLO26n,0,4.6687689999771464,10.622353000030671,0.4021489999672667,1,15.693270999975084
YOLO26n,0,4.979922000018178,10.695804000022235,0.3409070000088832,0,16.016633000049296
YOLO26n,0,3.9226119999966613,10.063817000002473,0.3219239999907586,0,14.308352999989893
YOLO26n,0,3.8055510000276627,9.437876999982109,0.318966999998338,0,13.56239500000811
YOLO26n,0,3.734344000008605,9.292947000005825,0.3830409999636686,1,13.410331999978098
YOLO26n,0,4.2300239999804035,9.665824000023804,0.27204000002711837,0,14.167888000031326
YOLO26n,0,3.5913460000074338,10.254032999966967,0.31476899999915986,0,14.16014799997356
YOLO26n,0,4.024343999958546,10.025865999978123,0.2983319999998457,0,14.348541999936515
YOLO26n,0,4.113834000008865,9.070586999996522,0.36209999996117403,1,13.54652099996656
YOLO26n,0,3.6594050000076095,9.768777000033424,0.38168399998994573,2,13.80986600003098
YOLO26n,0,4.312844999958543,9.705920999977025,0.28266399999665737,0,14.301429999932225
YOLO26n,0,3.5795229999848743,9.821265000027779,0.2760899999998401,0,13.676878000012493
YOLO26n,0,4.0205789999845365,8.83682599999247,0.2571199999579221,0,13.114524999934929
YOLO26n,0,3.59215700001414,8.702693999964595,0.2572110000187422,0,12.552061999997477
YOLO26n,0,4.097079000018766,9.781013000008443,0.2754679999839027,0,14.153560000011112
YOLO26n,0,4.104394999956185,8.89768499996535,0.34758200001760997,2,13.349661999939144
YOLO26n,0,3.54858400004332,9.717404000014085,0.2705489999925703,0,13.536537000049975
YOLO26n,0,3.719787000022734,8.946605999994972,0.3512139999770625,1,13.017606999994769
YOLO26n,0,3.7718980000249758,9.114951000015026,0.2774789999762106,0,13.164328000016212
YOLO26n,0,4.308084999991024,9.67782099996839,0.2598099999886472,0,14.245715999948061
YOLO26n,0,5.518219999999019,9.514307000017652,0.29967999995506034,0,15.332206999971731
YOLO26n,0,4.215223999949558,13.073809999980313,0.6750229999852309,1,17.9640569999151
YOLO26n,0,6.280833000005259,17.75307499997325,0.7213760000013281,1,24.755283999979838
YOLO26n,0,4.506282000022566,10.580133000019032,0.4238859999645683,3,15.510301000006166
YOLO26n,0,4.00218700002597,9.28065499999775,0.3513470000484631,0,13.634189000072183
YOLO26n,0,4.721488000029694,10.285979000002499,0.3395070000351552,0,15.346974000067348
YOLO26n,0,3.8658390000136933,10.41166200002408,0.3268359999992754,0,14.604337000037049
YOLO26n,0,3.908384999988357,10.29709400000911,0.4253840000387754,1,14.630863000036243
YOLO26n,0,4.5310779999567785,10.118766000005053,0.31690800000205854,0,14.96675199996389
YOLO26n,0,3.798520999964694,10.103520000029675,0.40989199999330594,2,14.311932999987675
YOLO26n,0,4.029315000025235,9.646900999996433,0.41653700003507765,4,14.092753000056746
YOLO26n,0,3.713390999962485,9.596353000006275,0.3600699999992685,2,13.669813999968028
YOLO26n,0,4.085298000006787,9.943458999998711,0.35373299999719165,0,14.38249000000269
YOLO26n,0,4.4840880000265315,9.813163999979224,0.27914599996847755,0,14.576397999974233
YOLO26n,0,3.762538999978915,9.813106000024163,0.3812520000110453,2,13.956897000014123
YOLO26n,0,4.113950000032673,10.119983999970827,0.3767119999906754,2,14.610645999994176
YOLO26n,0,3.6991399999806163,9.66074499996239,0.3205200000024888,0,13.680404999945495
YOLO26n,0,3.7063620000026276,9.398889999999938,0.2732959999889317,0,13.378547999991497
YOLO26n,0,3.73792600004208,9.108593000007659,0.4316499999958978,3,13.278169000045636
YOLO26n,0,4.3745600000306695,10.653365999985454,0.36639899997226166,4,15.394324999988385
YOLO26n,0,4.296667999994952,9.635844000001725,0.27491800000234434,0,14.207429999999022
YOLO26n,0,6.118544000003112,11.63049100000535,0.5862609999667256,2,18.335295999975187
YOLO26n,0,4.692341999998462,13.174020999997538,0.26662100003704836,0,18.132984000033048
YOLO26n,0,4.359293999982583,9.504802999970252,0.3584940000109782,4,14.222590999963813
YOLO26n,0,3.582174000030136,9.317863000035231,0.272047000009934,0,13.172084000075301
YOLO26n,0,3.854715999977998,9.454564000009213,0.30660900000611946,0,13.61588899999333
YOLO26n,0,3.9527489999500176,8.953801000018302,0.37532099997861224,1,13.281870999946932
YOLO26n,0,4.178037000031054,10.16210500000625,0.2957140000034997,0,14.635856000040803
YOLO26n,0,3.9182269999855635,11.14993900000627,0.47087199999396034,1,15.539037999985794
YOLO26n,0,4.339939000033155,10.178208000013456,0.34032700000352634,0,14.858474000050137
YOLO26n,0,3.9612529999999424,10.311760999968556,0.43363600002521707,1,14.706649999993715
YOLO26n,0,3.8486720000037167,9.631086000013056,0.3365889999713545,0,13.816346999988127
YOLO26n,0,4.103114000031383,9.39923000004228,0.34035600003790023,0,13.842700000111563
YOLO26n,0,4.110590999971464,9.589786999981698,0.3233200000067882,0,14.02369799995995
YOLO26n,0,3.802585000016734,9.535686999981863,0.4110769999670083,0,13.749348999965605
YOLO26n,0,4.1249419999758175,10.245588000032058,0.4019289999632747,1,14.77245899997115
YOLO26n,0,4.259945000001153,9.791171000017584,0.2789100000200051,0,14.330026000038742
YOLO26n,0,4.195170999992115,9.146346000022731,0.41301000004523303,4,13.75452700006008
YOLO26n,0,4.124466999996912,10.476776000018617,0.444372000004023,2,15.045615000019552
YOLO26n,0,3.807805000008102,10.587912000005417,0.31511399998862544,0,14.710831000002145
YOLO26n,0,4.566793999970287,10.268507000034788,0.30829700000367666,0,15.143598000008751
YOLO26n,0,4.316544000005251,9.545106000018677,0.30421999997543026,0,14.165869999999359
YOLO26n,0,4.280215999983739,9.577006000029087,0.29858999999987645,0,14.155812000012702
YOLO26n,0,4.212697000014032,10.032669999986865,0.2873110000223278,0,14.532678000023225
YOLO26n,0,3.941166999993584,9.84315499999866,0.2672400000278685,0,14.051562000020112
YOLO26n,0,3.7536229999659554,9.73622300000443,0.2675940000358423,0,13.757440000006227
YOLO26n,0,3.9303530000438514,9.35799999996334,0.39424400000598325,1,13.682597000013175
YOLO26n,0,4.2927149999627545,9.96807000001354,0.36659200003441583,2,14.62737700001071
YOLO26n,0,3.8947840000105316,10.089456999992308,0.4222549999894909,0,14.40649599999233
YOLO26n,0,4.133351000007224,9.259343999985958,0.8458089999976437,0,14.238503999990826
YOLO26n,0,4.0401239999710015,8.932436999998572,0.27931900001476606,0,13.25187999998434
YOLO26n,0,4.182349000018348,9.43942000003517,0.357851000046594,1,13.979620000100113
YOLO26n,1,3.6610820000078093,9.54127300002483,0.28093899999248606,0,13.483294000025126
YOLO26n,1,4.706204000001435,9.548862000031022,0.328120000006038,0,14.583186000038495
YOLO26n,1,4.693159999987984,10.411911000005603,0.32412899997780187,0,15.429199999971388
YOLO26n,1,4.201340000008713,10.615830000006099,0.35250000001951776,0,15.16967000003433
YOLO26n,1,4.354970000008507,9.62388599998576,0.3376799999728064,0,14.316535999967073
YOLO26n,1,3.6950769999748445,10.369518000004518,0.30201299995269437,0,14.366607999932057
YOLO26n,1,4.460199999982706,10.173090000023421,0.34191800000371586,0,14.975208000009843
YOLO26n,1,4.107196000006752,10.282458000006045,0.41210900002397466,1,14.801763000036772
YOLO26n,1,3.8771260000203256,9.85320700004877,0.3121559999499368,0,14.042489000019032
YOLO26n,1,3.68451899998945,9.371376999979475,0.30098499996711325,0,13.356880999936038
YOLO26n,1,4.284498999993502,9.75814700001365,0.34877399997412795,5,14.39141999998128
YOLO26n,1,3.626584000016919,10.174925000001167,0.29760199998918324,0,14.09911100000727
YOLO26n,1,4.8793139999929735,9.689064999975017,0.302574000045297,0,14.870953000013287
YOLO26n,1,4.474638999965919,10.02486999999519,0.3984449999734352,4,14.897953999934543
YOLO26n,1,3.7438249999581785,9.723291000000245,0.3522729999758667,4,13.81938899993429
YOLO26n,1,4.440126000019973,10.106390999965242,0.34842200000184675,3,14.894938999987062
YOLO26n,1,3.6180590000185475,8.637910999993892,0.33252299999730894,3,12.588493000009748
YOLO26n,1,3.8094419999765705,9.474324999985129,0.332619000005252,2,13.616385999966951
YOLO26n,1,3.7860979999777555,8.859538000024259,0.332682999953704,4,12.978318999955718
YOLO26n,1,4.46012800000517,16.21256200002108,0.5484289999913017,4,21.221119000017552
YOLO26n,1,6.505464999975175,13.755682000009983,0.3676720000385103,1,20.628819000023668
YOLO26n,1,3.6910219999981564,9.469709000029525,0.28170299998464543,0,13.442434000012327
YOLO26n,1,3.7756899999976667,8.87128199997278,0.2954409999915697,0,12.942412999962016
YOLO26n,1,3.7092040000175075,8.999517999995987,0.35476400000789,5,13.063486000021385
YOLO26n,1,3.6507769999616357,8.609980000017003,0.35266700001557183,3,12.613423999994211
YOLO26n,1,4.163016000006792,9.4568499999923,0.26194500003384746,0,13.88181100003294
YOLO26n,1,3.742974999966009,9.76117600004045,0.2907890000187763,0,13.794940000025235
YOLO26n,1,3.831441000045288,9.63495100000955,0.34596300002931457,0,13.812355000084153
YOLO26n,1,4.679418000023361,10.018713000022217,0.439100999983566,5,15.137232000029144
YOLO26n,1,4.329260999952567,9.710563999988153,0.32766999999012114,0,14.367494999930841
YOLO26n,1,4.446128999973098,9.392271000024266,0.3550949999748809,0,14.193494999972245
YOLO26n,1,4.609808999987308,9.572665000007419,0.4502869999782888,1,14.632760999973016
YOLO26n,1,3.9468830000259914,10.411847999989732,0.3308490000222264,0,14.68958000003795
YOLO26n,1,3.974917999983063,9.77562000002763,0.4047749999926964,1,14.155313000003389
YOLO26n,1,4.5206560000110585,10.384242000043287,0.3785149999657733,1,15.283413000020118
YOLO26n,1,3.643928999963464,9.920702999977493,0.2695210000069892,0,13.834152999947946
YOLO26n,1,3.5930669999970632,9.109083999987888,0.29778599997598576,0,12.999936999960937
YOLO26n,1,3.7199000000214255,11.277993000021524,0.40088000002924673,0,15.398773000072197
YOLO26n,1,4.919309000001704,12.498579000009613,0.38309000001390814,1,17.800978000025225
YOLO26n,1,4.256138000016563,9.842007999964153,0.27576200000112294,0,14.373907999981839
YOLO26n,1,3.5979119999751674,9.381223999980648,0.2808079999567781,0,13.259943999912593
YOLO26n,1,3.9417749999870466,9.261919000039143,0.2541960000144172,0,13.457890000040607
YOLO26n,1,3.8922809999917263,8.606887999974333,0.3519120000419207,1,12.85108100000798
YOLO26n,1,3.5741489999736586,9.660832000008668,0.33805599997549507,2,13.573036999957822
YOLO26n,1,4.369671000006292,9.552383000027476,0.3376429999661923,0,14.25969699999996
YOLO26n,1,3.5587689999942995,9.254428000019743,0.25769100000161416,0,13.070888000015657
YOLO26n,1,3.674848999992264,8.734898000000157,0.28241199999001765,0,12.69215899998244
YOLO26n,1,3.6486440000089715,8.71292300001869,0.27041999999255495,0,12.631987000020217
YOLO26n,1,4.127978999974857,9.574299999997038,0.25720299998965857,0,13.959481999961554
YOLO26n,1,4.033359000004566,8.58007900001212,0.34064699997315984,2,12.954084999989846
YOLO26n,1,3.534541999954399,9.244132999981503,0.33761400004550524,0,13.116288999981407
YOLO26n,1,3.568851000011364,8.861244999991413,0.3687419999778285,1,12.798837999980606
YOLO26n,1,3.6657439999885355,9.071934000019155,0.3172730000073898,0,13.05495100001508
YOLO26n,1,4.561141000010593,10.492361999979494,0.3421670000420818,0,15.395670000032169
YOLO26n,1,4.812909000008858,9.488306999969609,0.3659740000330203,0,14.667190000011487
YOLO26n,1,4.4587240000169,9.700582999982998,0.47516600000108156,1,14.63447300000098
YOLO26n,1,4.724451000015506,9.469036000041342,0.43416199997636795,1,14.627649000033216
YOLO26n,1,4.226217999985238,10.739774999990459,0.4157479999662428,3,15.38174099994194
YOLO26n,1,4.198691999988569,9.429374000035295,0.34318000001576365,0,13.971246000039628
YOLO26n,1,4.376684000021669,10.176728000033108,0.33379400002786497,0,14.887206000082642
YOLO26n,1,3.7272209999628103,10.32672700000603,0.3980299999852832,0,14.451977999954124
YOLO26n,1,3.9718840000091404,10.055113000021265,0.40827800000897696,1,14.435275000039383
YOLO26n,1,4.456931000049735,9.99932499996703,0.3155279999873528,0,14.771784000004118
YOLO26n,1,3.6601560000235622,9.753832999990664,0.39463000001660475,2,13.80861900003083
YOLO26n,1,4.062319000013304,9.923838000020169,0.3540659999998752,4,14.340223000033347
YOLO26n,1,3.5775019999846336,11.17309699998259,0.41492599996217905,2,15.165524999929403
YOLO26n,1,3.9114479999966534,9.39140299999508,0.28171200000315366,0,13.584562999994887
YOLO26n,1,4.081722000023547,9.548116000019036,0.2672010000424052,0,13.897039000084987
YOLO26n,1,3.699653000012404,9.27420099998244,0.34145500001159235,2,13.315309000006437
YOLO26n,1,4.117409999992105,9.254793000025074,0.33239900000126,2,13.70460200001844
YOLO26n,1,3.6099699999567747,9.466496000015923,0.26944100000036997,0,13.345906999973067
YOLO26n,1,3.5469609999836393,8.893628000009812,0.26921700003867954,0,12.709806000032131
YOLO26n,1,3.742608999971253,8.72199799999862,0.3472029999898041,3,12.811809999959678
YOLO26n,1,4.080939999994371,9.179316000029303,0.41656700000203273,4,13.676823000025706
YOLO26n,1,3.8091180000492386,9.64894800000593,0.2600759999609181,0,13.718142000016087
YOLO26n,1,4.152890999989722,9.38532300000361,0.35365999997338804,2,13.89187399996672
YOLO26n,1,3.6568650000390335,9.747458999981973,0.28078600001890663,0,13.685110000039913
YOLO26n,1,4.2330580000111695,9.721659999968324,0.38512899999432193,4,14.339846999973815
YOLO26n,1,4.025474999991729,10.884137000005012,0.34111699994809896,0,15.25072899994484
YOLO26n,1,4.1446430000178225,10.181407999994008,0.34071599998242164,0,14.666766999994252
YOLO26n,1,4.140789000018685,9.3087770000011,0.42765199998484604,1,13.877218000004632
YOLO26n,1,4.297737000001689,10.094524999999521,0.30903899994427775,0,14.701300999945488
YOLO26n,1,4.029116000026534,10.68000300000449,0.4857029999811857,1,15.19482200001221
YOLO26n,1,4.216095999993286,10.362956999983908,0.3285099999743579,0,14.907562999951551
YOLO26n,1,3.792667999960031,12.223118000008526,0.4643170000235841,1,16.48010299999214
YOLO26n,1,3.795127999978831,8.989989999975023,0.2829599999927268,0,13.068077999946581
YOLO26n,1,3.908392999960597,9.490764000020135,0.2706919999582169,0,13.66984899993895
YOLO26n,1,3.686956000024111,9.49252000003753,0.3046100000005936,0,13.484086000062234
YOLO26n,1,3.6296559999868805,9.04443799998944,0.28125199997930395,0,12.955345999955625
YOLO26n,1,4.100454000024456,9.849195999947824,0.43398799999749826,1,14.383637999969778
YOLO26n,1,4.201809999983652,15.977829999997084,0.47878200001605364,0,20.65842199999679
YOLO26n,1,6.618849999995291,14.87730299999157,0.3713259999926777,4,21.86747899997954
YOLO26n,1,3.9431430000149703,9.85007899998891,0.36351799997191847,2,14.156739999975798
YOLO26n,1,3.643149000026824,9.389505999990888,0.274594000018169,0,13.307249000035881
YOLO26n,1,4.269038999950681,9.483528000032493,0.25853899995809115,0,14.011105999941265
YOLO26n,1,4.075596999996378,8.697976999997081,0.28001600003335625,0,13.053590000026816
YOLO26n,1,4.077526000003218,8.937624999987293,0.29408899996496984,0,13.30923999995548
YOLO26n,1,4.0247940000313065,9.642974999962917,0.2544650000118054,0,13.922234000006029
YOLO26n,1,3.581697000015538,9.411329999977625,0.26935700003605234,0,13.262384000029215
YOLO26n,1,3.6096669999778896,8.763573000010183,0.262550000002193,0,12.635789999990266
YOLO26n,1,3.827134000005117,9.425904000011087,0.35622799998691335,1,13.609266000003117
YOLO26n,1,4.244987999982186,9.546817000000374,0.3572630000121535,2,14.149067999994713
YOLO26n,1,3.9379359999998087,10.394209000025967,0.2874969999879795,0,14.619642000013755
YOLO26n,1,3.9966940000226714,9.661416999961148,0.3278269999782424,0,13.985937999962061
YOLO26n,1,4.177491000007194,10.090117999993709,0.33543300003202603,0,14.603042000032929
YOLO26n,1,4.485295999984373,10.275631000013163,0.46313900003269737,1,15.224066000030234
YOLO11n,1,4.121109000038814,11.125138000011248,0.7867740000051526,0,16.033021000055214
YOLO11n,1,5.948595999996087,10.586551000017153,1.2697989999992387,1,17.804946000012478
YOLO11n,1,4.523735000020679,8.724631000006866,0.548398000034922,0,13.796764000062467
YOLO11n,1,4.05719599996246,8.365809999986595,0.5619469999942339,0,12.984952999943289
YOLO11n,1,4.190877999974418,7.577494000031493,0.5121030000054816,0,12.280475000011393
YOLO11n,1,3.7598469999693407,8.303338000018812,0.5616529999770137,0,12.624837999965166
YOLO11n,1,4.102377999970486,8.020590000000993,0.4853909999837924,0,12.608358999955271
YOLO11n,1,3.874708000012106,13.95198000000164,1.3133329999845955,1,19.14002099999834
YOLO11n,1,3.838079999979982,8.314116999997623,0.5404030000022431,0,12.692599999979848
YOLO11n,1,3.6232539999900837,7.496516000003339,1.1027599999806625,1,12.222529999974086
YOLO11n,1,4.148919999977352,7.890826999982892,1.0872029999973165,4,13.12694999995756
YOLO11n,1,3.6996599999952196,8.217379000029723,0.48032400002284703,0,12.39736300004779
YOLO11n,1,4.633928999965065,7.873756000037702,1.0271790000047076,1,13.534864000007474
YOLO11n,1,4.089636999992763,7.796008000013899,1.0324639999907959,4,12.918108999997457
YOLO11n,1,3.6214610000229186,8.290892999980315,1.1516099999653306,2,13.063963999968564
YOLO11n,1,3.967472999988786,7.230443999958425,1.0158130000377241,3,12.213729999984935
YOLO11n,1,3.549243000009028,7.207137000023067,1.0162190000073679,2,11.772599000039463
YOLO11n,1,3.7919330000022455,7.867885999985447,1.0131859999660264,1,12.673004999953719
YOLO11n,1,3.7939189999747214,7.495021000011093,1.0242759999528062,3,12.31321599993862
YOLO11n,1,3.6401399999590467,8.036426999979085,1.051591000020835,4,12.728157999958967
YOLO11n,1,4.027761999964241,7.80302999999094,0.5540980000091622,0,12.384889999964344
YOLO11n,1,3.7905159999809257,7.994915000040237,0.48388099997964673,0,12.26931200000081
YOLO11n,1,3.6535909999884097,7.327788999987206,0.48240500001384135,0,11.463784999989457
YOLO11n,1,3.693171000008988,7.510632999981226,1.2839279999639075,4,12.487731999954121
YOLO11n,1,3.8889530000005834,8.0275249999886,1.4805710000018735,4,13.397048999991057
YOLO11n,1,4.705812999986847,8.615829000007125,0.6140899999991234,0,13.935731999993095
YOLO11n,1,3.8718149999681373,8.913226000004215,0.5726150000100461,0,13.357655999982398
YOLO11n,1,3.8887189999741167,7.795269999974153,0.5694710000057057,0,12.253459999953975
YOLO11n,1,4.427064000026348,8.735371000000214,1.2499989999810168,4,14.412434000007579
YOLO11n,1,4.361372999994728,7.902608999984295,0.5957300000432042,0,12.859712000022228
YOLO11n,1,4.662249000034535,9.447741000030874,0.6664910000040436,0,14.776481000069452
YOLO11n,1,4.367693999995481,7.910722000019632,1.230585999962841,1,13.509001999977954
YOLO11n,1,3.633461999982046,8.196097999984886,0.5093400000077963,0,12.338899999974728
YOLO11n,1,3.550037000024986,7.5520089999940865,0.493469999980789,0,11.595515999999861
YOLO11n,1,4.2408630000068115,11.198335000017323,1.6121990000215192,1,17.051397000045654
YOLO11n,1,4.74970300001587,9.7989789999815,0.506919999963884,0,15.055601999961254
YOLO11n,1,3.6493279999945116,7.40947999997843,0.4988509999748203,0,11.557658999947762
YOLO11n,1,3.600530000028357,7.376985000007608,1.1063919999969585,1,12.083907000032923
YOLO11n,1,3.636358999983713,7.297241000003396,1.0367009999754373,1,11.970300999962546
YOLO11n,1,4.124279999984992,8.23455599999079,0.4995460000145613,0,12.858381999990343
YOLO11n,1,3.687145999947461,8.130999999991673,1.1331400000358371,2,12.95128599997497
YOLO11n,1,3.893446999995831,9.152034999999614,0.5697909999753392,0,13.615272999970784
YOLO11n,1,4.187576000049376,7.437871999968593,1.0954910000009477,1,12.720939000018916
YOLO11n,1,3.7276090000091244,8.24972200001639,1.066381999976329,2,13.043713000001844
YOLO11n,1,4.247394999993048,7.960109000009652,0.4743790000247827,0,12.681883000027483
YOLO11n,1,3.5565989999781777,7.768859000009343,0.46253800002205026,0,11.78799600000957
YOLO11n,1,3.7177440000277784,7.284443999992618,1.033208000023933,1,12.03539600004433
YOLO11n,1,3.546627999980956,7.762978000016574,0.543915999969613,0,11.853521999967143
YOLO11n,1,4.106969000019944,8.340738000015335,1.0193510000249262,1,13.467058000060206
YOLO11n,1,4.163910999977816,7.464482999978372,1.1046959999703176,2,12.733089999926506
YOLO11n,1,3.6111109999978908,7.950712000024396,0.6173799999942275,0,12.179203000016514
YOLO11n,1,4.648562999989281,7.815857999958098,0.5007660000160286,0,12.965186999963407
YOLO11n,1,3.7196819999962827,7.837840999968648,0.5592669999714417,0,12.116789999936373
YOLO11n,1,4.380953000008958,9.468000000026677,0.5800139999792009,0,14.428967000014836
YOLO11n,1,4.543421999983366,7.899022999993122,0.6151690000137933,0,13.05761399999028
YOLO11n,1,4.38229600001705,7.924978000005467,1.3815400000112277,1,13.688814000033744
YOLO11n,1,4.497854000021562,8.032664999973349,1.1871310000515223,1,13.717650000046433
YOLO11n,1,4.050860000006651,8.91201600001068,1.33103400003165,1,14.293910000048982
YOLO11n,1,4.0365329999758615,8.193358999960765,0.5366980000189869,0,12.766589999955613
YOLO11n,1,4.30609000000004,14.225348000024951,0.8494069999755993,0,19.38084500000059
YOLO11n,1,5.652283000017633,14.219796000020324,0.5540639999708219,0,20.42614300000878
YOLO11n,1,3.9066570000159118,8.25630999997884,1.175042999989273,1,13.338009999984024
YOLO11n,1,4.232290000004468,8.243795999987924,0.5278400000179317,0,13.003926000010324
YOLO11n,1,3.7277200000289668,8.302429000025313,1.1598550000258,2,13.19000400008008
YOLO11n,1,3.9081929999724707,7.983439000042836,1.146378999976605,4,13.038010999991911
YOLO11n,1,3.626523999969322,8.354731999986598,1.0587769999688135,2,13.040032999924733
YOLO11n,1,3.8558699999953205,7.8405460000112726,0.5949200000259225,0,12.291336000032516
YOLO11n,1,4.228960000034476,7.86598000001959,0.47949200001085046,0,12.574432000064917
YOLO11n,1,3.64276600004132,8.128819999967618,1.0417689999826507,2,12.813354999991589
YOLO11n,1,4.152847999989717,8.803225999997721,1.0257499999966058,1,13.981823999984044
YOLO11n,1,3.8691569999969033,8.476303000009011,0.4975929999773143,0,12.843052999983229
YOLO11n,1,3.6821940000208997,7.195962000025702,0.48232800003233933,0,11.36048400007894
YOLO11n,1,3.642861000002995,7.377721000011661,1.029751999965356,2,12.050333999980012
YOLO11n,1,4.131295999968643,7.920149000028687,1.0318289999986519,5,13.083273999995981
YOLO11n,1,4.029242999990856,7.790587999977561,0.4809900000282141,0,12.300820999996631
YOLO11n,1,4.167800000004718,7.852235999962431,1.0226350000266393,2,13.042670999993788
YOLO11n,1,3.5843559999761965,7.701524000026438,0.4797830000029535,0,11.765663000005588
YOLO11n,1,4.1432479999912175,7.943362999981218,1.056957000002967,1,13.143567999975403
YOLO11n,1,3.8483089999772346,8.026276999999027,0.5225140000106876,0,12.39709999998695
YOLO11n,1,3.9795929999968394,9.636150999995152,0.5848600000035731,0,14.200603999995565
YOLO11n,1,4.274764999991021,9.73288499994851,0.6519730000036361,0,14.659622999943167
YOLO11n,1,4.693679000013162,10.191269999950237,0.6228190000001632,0,15.507767999963562
YOLO11n,1,4.533979000029831,11.246412999980748,1.4600100000166094,1,17.24040200002719
YOLO11n,1,5.009927000003245,10.540952000042125,0.6701890000044841,0,16.221068000049854
YOLO11n,1,4.6734890000266205,10.769208999988678,1.4977419999695485,1,16.940439999984847
YOLO11n,1,4.852173000017501,9.730950999994548,0.6738860000155,0,15.257010000027549
YOLO11n,1,4.755197999998018,9.832840000001397,0.67212300001529,0,15.260161000014705
YOLO11n,1,4.698638999968807,9.805739000000813,0.6941350000033708,0,15.19851299997299
YOLO11n,1,4.573090999997476,9.332298000003902,0.7291960000088693,0,14.634585000010247
YOLO11n,1,4.834999000024709,10.11098399999355,0.6653269999787881,0,15.611309999997047
YOLO11n,1,5.503786999952354,10.058261999972729,0.6428170000276623,0,16.204865999952744
YOLO11n,1,5.303037999965454,10.097025000050053,1.5332360000002154,4,16.933299000015722
YOLO11n,1,4.422590999979548,8.688847999962945,1.1178260000406226,2,14.229264999983116
YOLO11n,1,3.9747590000160926,8.2874099999799,0.5775019999987308,0,12.839670999994723
YOLO11n,1,4.4144340000116244,8.288293000020985,0.49963200001457153,0,13.202359000047181
YOLO11n,1,4.278537999994114,12.7070880000133,0.846618999958082,0,17.832244999965496
YOLO11n,1,5.068166000000929,7.94085500001529,0.5065720000061447,0,13.515593000022363
YOLO11n,1,4.684129999986908,8.474485000022014,0.5544390000409294,0,13.713054000049851
YOLO11n,1,3.786939999997685,8.153562000018155,0.519620999966719,0,12.46012299998256
YOLO11n,1,3.801178000003347,7.711174000007759,0.5846110000220506,0,12.096963000033156
YOLO11n,1,3.986779999991086,8.305834999987383,1.1406309999983932,1,13.433245999976862
YOLO11n,1,4.249897000022429,8.225808000020152,1.4816660000178672,2,13.957371000060448
YOLO11n,1,4.7823099999959595,8.477100999982667,0.4807479999726638,0,13.74015899995129
YOLO11n,1,3.7579149999942274,7.33492999995633,0.5062449999968521,0,11.59908999994741
YOLO11n,1,3.8264350000076774,7.2161519999554,0.5176789999836728,0,11.56026599994675
YOLO11n,1,4.371009000010417,8.179517999963082,0.5946370000060597,0,13.145163999979559
YOLO11n,2,3.8877659999911884,8.67584499997065,0.6160269999782031,0,13.179637999940041
YOLO11n,2,5.11293099998511,9.229196000035245,1.2531679999483458,1,15.5952949999687
YOLO11n,2,4.529848000004222,8.661970999980895,0.6070109999996021,0,13.798829999984719
YOLO11n,2,3.9418540000042412,8.509991999972044,0.5850199999599681,0,13.036865999936254
YOLO11n,2,3.9782270000046083,7.89791899995862,0.5801959999871542,0,12.456341999950382
YOLO11n,2,3.727330999993228,9.184814999969149,0.5924490000097649,0,13.504594999972142
YOLO11n,2,4.581497000003765,8.752678999996988,0.5927970000243477,0,13.9269730000251
YOLO11n,2,4.017427000007956,8.215820999964762,1.1945370000034927,1,13.427784999976211
YOLO11n,2,3.6131009999849084,8.535432999963177,0.5161999999927502,0,12.664733999940836
YOLO11n,2,3.654793000009704,7.5007270000355675,1.0994740000001002,1,12.254994000045372
YOLO11n,2,4.294922999974915,8.274485000015375,1.1443069999472755,4,13.713714999937565
YOLO11n,2,3.7407120000239047,8.329325000033805,0.5101529999933518,0,12.580190000051061
YOLO11n,2,4.621214999986023,8.088319000023603,1.1306700000091041,1,13.84020400001873
YOLO11n,2,4.479398999990281,7.9937350000136576,1.1256299999899966,4,13.598763999993935
YOLO11n,2,3.823843000020588,8.220782000023519,1.0523359999865534,2,13.09696100003066
YOLO11n,2,3.603102999989005,7.48759000003929,1.0186100000169063,3,12.109303000045202
YOLO11n,2,4.676586000016414,8.1302909999863,1.0768960000291372,2,13.883773000031852
YOLO11n,2,3.81475900002215,7.9319820000023356,1.0171609999929387,1,12.763902000017424
YOLO11n,2,3.8004279999768187,7.192910000014763,1.0264300000244475,3,12.019768000016029
YOLO11n,2,3.6236520000443306,7.844814000009137,1.0232110000174544,4,12.491677000070922
YOLO11n,2,4.052236999996239,7.90591800000584,0.47608500000251297,0,12.434240000004593
YOLO11n,2,3.5835360000078254,7.871158999989802,0.5354339999712465,0,11.990128999968874
YOLO11n,2,3.7382919999799924,7.116588999963369,0.45783199999505086,0,11.312712999938412
YOLO11n,2,3.6185809999551566,7.13572000000795,1.0727050000127747,4,11.827005999975881
YOLO11n,2,3.7865539999870634,7.745716999977503,1.0524219999865636,4,12.58469299995113
YOLO11n,2,4.104671999982656,8.180777000006856,0.47769799999741736,0,12.76314699998693
YOLO11n,2,3.965253999979268,8.379480999963107,0.5808720000004541,0,12.92560699994283
YOLO11n,2,3.9658540000004905,13.01922499999364,0.885159000006297,0,17.870238000000427
YOLO11n,2,6.717779000041446,15.444544000047244,1.434868000046663,4,23.597191000135354
YOLO11n,2,4.666968999970322,8.030833999953302,0.5963840000049458,0,13.29418699992857
YOLO11n,2,4.186763999996401,7.847584999979063,0.546136000025399,0,12.580485000000863
YOLO11n,2,4.432196999971438,8.025648000000274,1.3000129999909404,1,13.757857999962653
YOLO11n,2,3.7831900000355745,10.342616000002636,0.5409059999692545,0,14.666712000007465
YOLO11n,2,3.6610579999774018,7.869460999984312,0.5537229999958981,0,12.084241999957612
YOLO11n,2,4.266820999987431,8.567776999996113,1.2054559999796766,1,14.04005399996322
YOLO11n,2,3.6073360000159482,7.876937999981237,0.5463189999659335,0,12.030592999963119
YOLO11n,2,3.8188859999763736,7.542870999998286,0.5526670000222111,0,11.91442399999687
YOLO11n,2,3.6923450000472258,7.788275999985217,1.1905450000426754,1,12.671166000075118
YOLO11n,2,3.6827259999654416,7.541707999962455,1.115204999962316,1,12.339638999890212
YOLO11n,2,4.249490999995942,10.35597399999233,0.6722019999756412,0,15.277666999963913
YOLO11n,2,4.475575999947523,10.659863000000769,1.2085760000104528,2,16.344014999958745
YOLO11n,2,3.833564999979444,8.197898999981135,0.4796500000452397,0,12.511114000005819
YOLO11n,2,3.992178000032709,7.288675999973293,1.039684000033958,1,12.32053800003996
YOLO11n,2,3.577062000033493,7.998686000007638,1.0541110000303888,2,12.62985900007152
YOLO11n,2,4.087872999946285,7.771155000000363,0.4885390000026746,0,12.347566999949322
YOLO11n,2,3.5892989999979363,7.801959000005354,0.4796030000306928,0,11.870861000033983
YOLO11n,2,3.922209999984716,7.160059000000274,1.0283660000141026,1,12.110634999999093
YOLO11n,2,3.635568999982297,7.169929999975011,0.4775789999484914,0,11.2830779999058
YOLO11n,2,4.080558999987716,8.32467500003986,1.056023999979061,1,13.461258000006637
YOLO11n,2,4.094409000003907,7.192530999986957,1.101974999983213,2,12.388914999974077
YOLO11n,2,3.7790929999914624,8.234103000006598,0.5465069999672778,0,12.559702999965339
YOLO11n,2,3.8846329999842055,7.386531000008745,0.5031210000083775,0,11.774285000001328
YOLO11n,2,3.754835999984607,7.6993620000394,0.62134999996033,0,12.075547999984337
YOLO11n,2,4.479704999994283,8.573230000024523,0.5889299999921604,0,13.641865000010966
YOLO11n,2,4.5871220000321955,7.877755000038178,0.5986480000501615,0,13.063525000120535
YOLO11n,2,4.508878000024197,7.91329699995913,1.2723699999810378,1,13.694544999964364
YOLO11n,2,4.61843300001874,8.39789099995869,1.2013110000452798,1,14.21763500002271
YOLO11n,2,3.9246970000021975,8.40699200000472,1.1151969999900757,1,13.446885999996994
YOLO11n,2,3.9553619999992407,7.831788999965283,0.5269019999900593,0,12.314052999954583
YOLO11n,2,4.222317999960978,8.441984000000957,0.5440870000370523,0,13.208388999998988
YOLO11n,2,3.872182000009161,8.455012000013085,0.5080220000195368,0,12.835216000041783
YOLO11n,2,4.13039900001877,7.948744000032093,1.113967000037519,1,13.193110000088382
YOLO11n,2,4.162493000023915,8.22763799999393,0.47931099999232174,0,12.869442000010167
YOLO11n,2,3.7803850000273087,8.417812000004687,1.1515090000102646,2,13.34970600004226
YOLO11n,2,3.9654880000057346,8.070086000032006,1.1898949999817887,4,13.22546900001953
YOLO11n,2,3.905905999999959,9.193509999988692,1.0615809999876546,2,14.160996999976305
YOLO11n,2,4.032657999971434,7.7123739999933605,0.5077050000181771,0,12.252736999982972
YOLO11n,2,4.262324000023909,8.056640999996034,0.48061900002949187,0,12.799584000049435
YOLO11n,2,3.7928390000274703,8.442215000002307,1.3169679999691652,2,13.552021999998942
YOLO11n,2,4.450415000007979,8.69969000001447,1.2416739999707715,1,14.391778999993221
YOLO11n,2,3.9947449999999662,10.636002000012468,0.5539040000144269,0,15.18465100002686
YOLO11n,2,3.9523789999975634,7.829303999983495,0.576614999999947,0,12.358297999981005
YOLO11n,2,3.7698869999758244,7.9695109999988745,1.2302019999879121,2,12.969599999962611
YOLO11n,2,4.389555000045675,8.316709999974137,1.1906720000069981,5,13.89693700002681
YOLO11n,2,4.035260999955881,8.459623000021566,0.5732939999916198,0,13.068177999969066
YOLO11n,2,4.570260999969378,8.341726000026028,1.2268109999808985,2,14.138797999976305
YOLO11n,2,3.9152310000076795,8.680106999975123,0.5268129999649318,0,13.122150999947735
YOLO11n,2,4.287657000020317,8.12143399997467,1.1259650000283727,1,13.53505600002336
YOLO11n,2,3.6888410000415206,8.575917999962712,0.49088500003335866,0,12.755644000037591
YOLO11n,2,3.809198999988439,8.169151999993574,0.5439450000039869,0,12.522295999986
YOLO11n,2,4.15770999995857,8.127371000000494,0.6250280000017483,0,12.910108999960812
YOLO11n,2,4.565189000004466,8.145293999973546,0.5442990000119607,0,13.254781999989973
YOLO11n,2,3.830698999991,8.207433999984914,1.1730940000234114,1,13.211226999999326
YOLO11n,2,4.072104999977455,8.23799400001235,0.4896280000252773,0,12.799727000015082
YOLO11n,2,3.587906000007024,7.8833050000071125,1.0940009999558242,1,12.56521199996996
YOLO11n,2,3.65663599995969,7.391790999975001,0.49308900003097733,0,11.541515999965668
YOLO11n,2,3.6589279999930113,7.178654000028928,0.4565179999644897,0,11.294099999986429
YOLO11n,2,3.5439829999859285,7.696006000003308,0.46493199999986246,0,11.704920999989099
YOLO11n,2,3.560212999957457,7.5568579999867325,0.475389999962772,0,11.592460999906962
YOLO11n,2,3.8021000000298955,7.919134000019312,0.479609999956665,0,12.200844000005873
YOLO11n,2,4.164088999971227,7.874875000027259,0.456249000023945,0,12.495213000022432
YOLO11n,2,5.309466999960932,8.138556000005792,1.1560109999777524,4,14.604033999944477
YOLO11n,2,3.813454000010097,7.8076679999981025,1.0678750000465698,2,12.68899700005477
YOLO11n,2,3.544587000021693,8.02142999998523,0.48128700001370817,0,12.047304000020631
YOLO11n,2,4.073497999968367,7.754739999995763,0.47491800000898365,0,12.303155999973114
YOLO11n,2,4.054711999970095,7.44632100003173,0.4680710000002364,0,11.969104000002062
YOLO11n,2,4.282610000018394,7.406346999971447,0.5863470000235793,0,12.27530400001342
YOLO11n,2,4.003910999983873,8.267801999977564,0.566203999994741,0,12.837916999956178
YOLO11n,2,3.724174000012681,8.332039000038094,0.4945530000100007,0,12.550766000060776
YOLO11n,2,3.7012029999914375,7.927724000012404,0.48978600000282313,0,12.118713000006665
YOLO11n,2,3.837841999995817,8.345140000017182,1.1201620000065304,1,13.303144000019529
YOLO11n,2,4.161947000000055,7.931150999979764,1.163745999974708,2,13.256843999954526
YOLO11n,2,4.023134000021855,8.61995200000365,0.6035979999978736,0,13.246684000023379
YOLO11n,2,4.251671000019996,7.975901000008889,0.6241610000188302,0,12.851733000047716
YOLO11n,2,4.24043300000676,12.707051000006686,0.9229880000134472,0,17.870472000026894
YOLO11n,2,6.662709000011091,15.527707999979157,0.5775410000410375,0,22.767958000031285
YOLO26n,2,4.125240999997004,10.373108999999658,0.39514899998494,0,14.893498999981603
YOLO26n,2,4.917390000002797,10.148534999984804,0.3022650000161775,0,15.368190000003779
YOLO26n,2,4.376105000005737,10.68145699997558,0.3367350000189617,0,15.394297000000279
YOLO26n,2,4.051554000000124,9.856404000004204,0.3224060000093232,0,14.230364000013651
YOLO26n,2,4.203522000011617,9.309360999964156,0.33059300000104486,0,13.843475999976818
YOLO26n,2,3.8582810000207246,15.087733999962438,0.4995520000079523,0,19.445566999991115
YOLO26n,2,7.153957000014088,16.33419799998137,0.44769499999119944,0,23.935849999986658
YOLO26n,2,5.690356000002339,13.575182000010955,0.3881119999959992,1,19.653650000009293
YOLO26n,2,3.805383999974765,10.06139699995856,0.3046100000005936,0,14.17139099993392
YOLO26n,2,3.69278799996664,8.936162999987118,0.2766000000065105,0,12.905550999960269
YOLO26n,2,4.240323000033186,9.950125999978354,0.43810699997948177,5,14.628555999991022
YOLO26n,2,3.826905999972041,9.757137999997667,0.30861499999446096,0,13.89265899996417
YOLO26n,2,4.974249000042619,10.238553000021966,0.30916700001171193,0,15.521969000076297
YOLO26n,2,4.245437999998103,10.270176999995329,0.35995100000718594,4,14.875566000000617
YOLO26n,2,3.685562999976355,9.798192999994626,0.3488979999701769,4,13.832653999941158
YOLO26n,2,3.5905569999954423,8.94851799995422,0.35468300001184616,3,12.893757999961508
YOLO26n,2,3.5686850000047343,9.351675000004889,0.34191499997859864,3,13.262274999988222
YOLO26n,2,3.9442570000005617,9.403791000011097,0.4454659999737487,2,13.793513999985407
YOLO26n,2,3.921391999995194,8.937286999980643,0.34278600003290194,4,13.201465000008739
YOLO26n,2,3.6823160000380994,9.800920000031965,0.357796999992388,4,13.841033000062453
YOLO26n,2,4.210391000015079,9.448297000005823,0.35342000001037377,1,14.012108000031276
YOLO26n,2,3.6059519999867007,9.668761000000359,0.3385520000165343,0,13.613265000003594
YOLO26n,2,3.8302160000398544,8.742467999979908,0.28008499998577463,0,12.852769000005537
YOLO26n,2,3.646284000012656,8.850983000002088,0.3576459999976578,5,12.854913000012402
YOLO26n,2,3.728163999994649,9.08557100001417,0.33611399999244895,3,13.149849000001268
YOLO26n,2,4.203428999971948,9.47218400000338,0.2645580000262271,0,13.940171000001556
YOLO26n,2,3.741728000022704,9.418674000016836,0.2536929999905624,0,13.414095000030102
YOLO26n,2,3.7656789999687135,8.815169999991213,0.25423800002499775,0,12.835086999984924
YOLO26n,2,4.189564999990125,9.413759999972626,0.33844199998611657,5,13.941766999948868
YOLO26n,2,4.273054999998749,8.681704000025547,0.27668199999197896,0,13.231441000016275
YOLO26n,2,4.3313200000056895,8.895241000004717,0.26819999999361244,0,13.494761000004019
YOLO26n,2,4.320318999987194,8.77121299998862,0.33080800000107047,1,13.422339999976884
YOLO26n,2,3.5752320000028703,9.265371999958916,0.3188950000208024,0,13.159498999982588
YOLO26n,2,3.6693959999638537,8.666990000051555,0.34877200005212217,1,12.685158000067531
YOLO26n,2,4.411374000028445,9.44721500002288,0.32802100002982115,1,14.186610000081146
YOLO26n,2,3.55542800002695,11.024176000034913,0.26173999998491126,0,14.841344000046774
YOLO26n,2,3.6181930000225293,8.905814999991435,0.28135000002293964,0,12.805358000036904
YOLO26n,2,3.7500880000038705,9.54633499998181,0.32232299997758673,0,13.618745999963267
YOLO26n,2,3.8955090000172277,11.494389999995747,0.5404409999982818,1,15.930340000011256
YOLO26n,2,5.4930310000145255,13.055358000030992,0.3931339999780903,0,18.941523000023608
YOLO26n,2,3.7830960000064806,10.114288000011129,0.29788999995616905,0,14.195273999973779
YOLO26n,2,3.9706619999719805,10.364362999951027,0.3135910000082731,0,14.64861599993128
YOLO26n,2,4.315958999995928,9.645447000025342,0.41038500000922795,1,14.371791000030498
YOLO26n,2,3.636386000039238,9.991775000003145,0.3749210000023595,2,14.003082000044742
YOLO26n,2,4.230114000051799,10.175767000021096,0.2917130000241741,0,14.69759400009707
YOLO26n,2,3.7641860000121596,9.910045999959038,0.31859799997846494,0,13.992829999949663
YOLO26n,2,3.873671999997441,9.170408999978008,0.29369700001780075,0,13.33777799999325
YOLO26n,2,4.006683999989491,9.492054000020289,0.35692500000550353,0,13.855663000015284
YOLO26n,2,4.3979280000030485,9.95648500003199,0.2908050000201001,0,14.645218000055138
YOLO26n,2,4.137689000003775,9.137162999991233,0.3744599999890852,2,13.649311999984093
YOLO26n,2,3.74929700001303,10.375050999982705,0.30561300002318603,0,14.42996100001892
YOLO26n,2,3.765610000016295,9.113710000008268,0.3666189999762537,1,13.245939000000817
YOLO26n,2,3.9983730000017204,9.149026000045524,0.3160439999874143,0,13.463443000034658
YOLO26n,2,4.34790500003146,9.663633000002392,0.2846770000246579,0,14.29621500005851
YOLO26n,2,5.528754000010849,9.504355000046871,0.31588500002044384,0,15.348994000078164
YOLO26n,2,4.189979999978277,9.07642399999986,0.3773770000066179,1,13.643780999984756
YOLO26n,2,4.162698000016007,8.905196000000615,0.3749900000116213,1,13.442884000028243
YOLO26n,2,3.853937999963364,9.6578280000017,0.414825000007113,3,13.926590999972177
YOLO26n,2,3.8223800000309893,9.327729999995427,0.2610799999729352,0,13.411189999999351
YOLO26n,2,4.177819999995336,9.675777999973434,0.2879150000012487,0,14.141512999970018
YOLO26n,2,3.6486010000089664,9.730329000035454,0.2691079999976864,0,13.648038000042106
YOLO26n,2,3.716703999998572,9.41937200002485,0.33826499998212967,1,13.474341000005552
YOLO26n,2,4.120429000010972,9.225443999980598,0.2564480000160074,0,13.602321000007578
YOLO26n,2,3.6076760000014474,9.322930999985601,0.3681680000227061,2,13.298775000009755
YOLO26n,2,3.82778400000916,9.110277999980099,0.33284500000263506,4,13.270906999991894
YOLO26n,2,3.7197390000187625,9.379103000014766,0.3526110000393601,2,13.451453000072888
YOLO26n,2,3.853504000005614,9.442295000042122,0.2887150000105976,0,13.584514000058334
YOLO26n,2,4.078007999964939,9.302391999995052,0.2661209999814673,0,13.646520999941458
YOLO26n,2,3.627577000031579,12.438744999997198,0.5018190000214418,2,16.56814100005022
YOLO26n,2,6.216213000016069,17.55358999997725,0.48360499999944295,2,24.25340799999276
YOLO26n,2,3.750405999994655,10.208768999973472,0.31758400001535847,0,14.276758999983485
YOLO26n,2,3.599553000015021,9.083985000017947,0.31268399999362373,0,12.996222000026592
YOLO26n,2,3.6821249999547945,9.00088999998161,0.3329369999960363,3,13.01595199993244
YOLO26n,2,4.293399000005138,9.86842700001489,0.3628070000445405,4,14.524633000064568
YOLO26n,2,3.88799599994627,9.471711999992749,0.2828190000059294,0,13.642526999944948
YOLO26n,2,4.1665389999820945,9.759280999958264,0.37078600001905215,2,14.29660599995941
YOLO26n,2,3.5749529999975493,9.466045000010581,0.2628429999731452,0,13.303840999981276
YOLO26n,2,4.172782000011921,9.23383700001068,0.35772900002939423,4,13.764348000051996
YOLO26n,2,3.641557999969791,10.153377999984059,0.3205579999985275,0,14.115493999952378
YOLO26n,2,4.094312000006539,10.167174999992312,0.3168140000298081,0,14.57830100002866
YOLO26n,2,4.121011000052022,9.40954300000385,0.4109259999722781,1,13.94148000002815
YOLO26n,2,4.316046000042206,10.085000000003674,0.3185909999956493,0,14.71963700004153
YOLO26n,2,3.7283870000237584,9.986732999948345,0.4244769999672826,1,14.139596999939386
YOLO26n,2,4.160909000006541,10.006797000016832,0.3270549999569994,0,14.494760999980372
YOLO26n,2,3.7215639999885752,10.163427000009051,0.40911199999982273,1,14.294102999997449
YOLO26n,2,3.798505999952795,9.484148000012738,0.29552699999157994,0,13.578180999957112
YOLO26n,2,3.8426939999567367,9.145721999971101,0.30115500004512796,0,13.289570999972966
YOLO26n,2,3.6761640000122497,9.907795000003716,0.3294040000128007,0,13.913363000028767
YOLO26n,2,3.656852999995408,9.262191000004805,0.3218429999947148,0,13.240886999994927
YOLO26n,2,3.9144369999917217,10.255251000046428,0.39234199999782504,1,14.562030000035975
YOLO26n,2,4.266674999996667,10.002403000044069,0.3314780000209794,0,14.600556000061715
YOLO26n,2,4.162390000033156,8.832668999957605,0.3518839999969714,4,13.346942999987732
YOLO26n,2,3.831276000028083,9.87594700001182,0.35292000001163615,2,14.06014300005154
YOLO26n,2,3.7744289999750436,9.62234499996839,0.33735099998466467,0,13.734124999928099
YOLO26n,2,4.113119999999526,9.895364999977119,0.3206189999787057,0,14.32910399995535
YOLO26n,2,4.391574000010223,9.567951000008179,0.36146499996903003,0,14.320989999987432
YOLO26n,2,4.175053999972533,9.376030999987961,0.3102460000263818,0,13.861330999986876
YOLO26n,2,3.9536530000532366,9.719592999999804,0.2708689999622038,0,13.944115000015245
YOLO26n,2,3.77438200001734,9.759830000007241,0.2651940000077957,0,13.799406000032377
YOLO26n,2,3.646526000011363,9.109087000013005,0.262622000036572,0,13.01823500006094
YOLO26n,2,3.904103000024861,9.482697999999345,0.3381320000244159,1,13.724933000048622
YOLO26n,2,4.35130100004244,9.25399400000515,0.3767809999999372,2,13.982076000047527
YOLO26n,2,3.948295999975926,9.3124670000293,0.2658020000012584,0,13.526565000006485
YOLO26n,2,3.957310000032521,8.628256000008605,0.26972099999511556,0,12.855287000036242
YOLO26n,2,3.742895000016233,9.256977999996252,0.39121999998315005,0,13.391092999995635
YOLO26n,2,4.258395000022119,9.671808000007331,0.35742599999366576,1,14.287629000023117
