image_id,file_name,width,height,n_perio,n_imp,n_total,has_perio,has_imp,has_target
1,train_673.png,2744,1316,3,2,5,True,True,True
2,train_283.png,2872,1504,0,2,2,False,True,True
3,train_435.png,2909,1316,0,0,0,False,False,False
4,train_95.png,2872,1504,2,0,2,True,False,True
5,train_475.png,2872,1504,1,0,1,True,False,True
6,train_62.png,2867,1316,0,0,0,False,False,False
7,train_637.png,3076,1536,0,0,0,False,False,False
8,train_187.png,2815,1316,1,4,5,True,True,True
9,train_509.png,2928,1316,1,2,3,True,True,True
10,train_31.png,2872,1504,0,0,0,False,False,False
11,train_498.png,2910,1316,0,4,4,False,True,True
12,train_264.png,2866,1316,0,0,0,False,False,False
13,train_581.png,2788,1316,1,1,2,True,True,True
14,train_458.png,2868,1504,0,0,0,False,False,False
15,train_646.png,2830,1316,0,0,0,False,False,False
16,train_12.png,2872,1504,0,0,0,False,False,False
17,train_564.png,1976,976,0,4,4,False,True,True
18,train_559.png,2741,1316,0,0,0,False,False,False
19,train_693.png,2827,1316,3,4,7,True,True,True
20,train_324.png,2953,1316,1,0,1,True,False,True
21,train_136.png,2852,1316,0,4,4,False,True,True
22,train_305.png,2942,1316,0,0,0,False,False,False
23,train_348.png,2872,1504,0,3,3,False,True,True
24,train_251.png,1976,976,0,0,0,False,False,False
25,train_176.png,2868,1504,0,0,0,False,False,False
26,train_621.png,3004,1316,1,1,2,True,True,True
27,train_453.png,2880,1504,0,0,0,False,False,False
28,train_289.png,2868,1504,0,0,0,False,False,False
29,train_229.png,2881,1316,0,0,0,False,False,False
30,train_499.png,2940,1316,0,4,4,False,True,True
31,train_669.png,2984,1316,0,0,0,False,False,False
32,train_290.png,2829,1316,0,0,0,False,False,False
33,train_254.png,2876,1504,0,0,0,False,False,False
34,train_271.png,2982,1316,0,0,0,False,False,False
35,train_702.png,2886,1316,0,0,0,False,False,False
36,train_666.png,2872,1504,0,0,0,False,False,False
37,train_440.png,2750,1316,0,0,0,False,False,False
38,train_61.png,2916,1316,0,0,0,False,False,False
39,train_41.png,1976,976,1,0,1,True,False,True
40,train_383.png,2872,1504,0,0,0,False,False,False
41,train_536.png,2900,1316,0,4,4,False,True,True
42,train_700.png,3076,1536,0,0,0,False,False,False
43,train_209.png,1976,976,0,0,0,False,False,False
44,train_682.png,2905,1316,0,0,0,False,False,False
45,train_7.png,2920,1316,0,4,4,False,True,True
46,train_654.png,2868,1504,0,0,0,False,False,False
47,train_54.png,2904,1316,0,2,2,False,True,True
48,train_233.png,2904,1316,1,0,1,True,False,True
49,train_568.png,2842,1316,0,0,0,False,False,False
50,train_493.png,2843,1316,0,0,0,False,False,False
51,train_311.png,2714,1316,0,0,0,False,False,False
52,train_655.png,2786,1316,0,3,3,False,True,True
53,train_225.png,2868,1504,0,2,2,False,True,True
54,train_482.png,2854,1316,0,3,3,False,True,True
55,train_487.png,2677,1316,0,4,4,False,True,True
56,train_3.png,2682,1316,0,2,2,False,True,True
57,train_0.png,2850,1316,0,0,0,False,False,False
58,train_663.png,1976,976,1,0,1,True,False,True
59,train_698.png,2872,1504,0,0,0,False,False,False
60,train_292.png,2666,1316,0,4,4,False,True,True
61,train_19.png,2881,1316,0,0,0,False,False,False
62,train_617.png,2882,1316,0,0,0,False,False,False
63,train_592.png,2884,1504,1,0,1,True,False,True
64,train_541.png,2729,1316,1,4,5,True,True,True
65,train_113.png,2716,1316,0,0,0,False,False,False
66,train_217.png,2916,1316,0,3,3,False,True,True
67,train_634.png,2952,1316,0,0,0,False,False,False
68,train_404.png,2960,1316,0,0,0,False,False,False
69,train_117.png,2817,1316,1,1,2,True,True,True
70,train_495.png,2872,1504,0,4,4,False,True,True
71,train_447.png,2795,1316,0,2,2,False,True,True
72,train_630.png,2899,1316,0,0,0,False,False,False
73,train_474.png,2890,1316,1,0,1,True,False,True
74,train_679.png,2884,1504,1,0,1,True,False,True
75,train_294.png,2880,1316,2,0,2,True,False,True
76,train_441.png,2884,1504,0,0,0,False,False,False
77,train_405.png,2837,1316,1,0,1,True,False,True
78,train_694.png,2872,1504,0,4,4,False,True,True
79,train_92.png,2892,1503,2,0,2,True,False,True
80,train_431.png,2838,1316,0,2,2,False,True,True
81,train_518.png,2982,1316,0,0,0,False,False,False
82,train_606.png,1976,976,0,0,0,False,False,False
83,train_110.png,2846,1316,0,4,4,False,True,True
84,train_153.png,2882,1316,0,1,1,False,True,True
85,train_137.png,2884,1504,0,0,0,False,False,False
86,train_326.png,2933,1316,0,0,0,False,False,False
87,train_687.png,2883,1316,0,0,0,False,False,False
88,train_545.png,2872,1504,0,4,4,False,True,True
89,train_544.png,2832,1316,0,0,0,False,False,False
90,train_480.png,2444,1504,0,0,0,False,False,False
91,train_231.png,2745,1316,0,3,3,False,True,True
92,train_108.png,2817,1316,0,0,0,False,False,False
93,train_521.png,2944,1316,0,0,0,False,False,False
94,train_309.png,2872,1504,0,2,2,False,True,True
95,train_5.png,2750,1316,0,0,0,False,False,False
96,train_424.png,2825,1316,0,0,0,False,False,False
97,train_141.png,2872,1504,1,1,2,True,True,True
98,train_87.png,2839,1316,0,0,0,False,False,False
99,train_608.png,1976,976,0,0,0,False,False,False
100,train_538.png,2959,1316,0,0,0,False,False,False
101,train_125.png,2872,1504,0,1,1,False,True,True
102,train_223.png,2714,1316,1,0,1,True,False,True
103,train_656.png,3045,1350,0,0,0,False,False,False
104,train_328.png,2872,1504,0,0,0,False,False,False
105,train_534.png,2884,1504,1,1,2,True,True,True
106,train_188.png,2872,1504,0,0,0,False,False,False
107,train_686.png,2872,1504,3,1,4,True,True,True
108,train_513.png,2867,1316,0,0,0,False,False,False
109,train_683.png,2940,1316,0,0,0,False,False,False
110,train_112.png,1976,976,0,0,0,False,False,False
111,train_393.png,2872,1504,0,0,0,False,False,False
112,train_355.png,2804,1316,0,0,0,False,False,False
113,train_457.png,2888,1316,0,0,0,False,False,False
114,train_58.png,2738,1316,0,0,0,False,False,False
115,train_385.png,2888,1316,0,0,0,False,False,False
116,train_86.png,2872,1504,0,2,2,False,True,True
117,train_452.png,2872,1504,1,1,2,True,True,True
118,train_66.png,2967,1316,1,0,1,True,False,True
119,train_300.png,2872,1504,0,4,4,False,True,True
120,train_500.png,2924,1316,0,1,1,False,True,True
121,train_531.png,2872,1504,0,0,0,False,False,False
122,train_246.png,2765,1316,0,4,4,False,True,True
123,train_35.png,2878,1316,0,1,1,False,True,True
124,train_315.png,2808,1316,0,0,0,False,False,False
125,train_456.png,2799,1316,0,0,0,False,False,False
126,train_466.png,2983,1316,0,1,1,False,True,True
127,train_263.png,2868,1504,0,4,4,False,True,True
128,train_240.png,2960,1316,1,4,5,True,True,True
129,train_166.png,2947,1316,0,0,0,False,False,False
130,train_603.png,2918,1316,0,0,0,False,False,False
131,train_604.png,2867,1316,0,1,1,False,True,True
132,train_199.png,2972,1316,0,1,1,False,True,True
133,train_285.png,2872,1504,0,0,0,False,False,False
134,train_319.png,2805,1316,0,0,0,False,False,False
135,train_210.png,2869,1316,0,0,0,False,False,False
136,train_400.png,2846,1316,0,0,0,False,False,False
137,train_502.png,2849,1316,0,0,0,False,False,False
138,train_573.png,2938,1316,0,0,0,False,False,False
139,train_588.png,2900,1316,0,0,0,False,False,False
140,train_204.png,2872,1316,0,1,1,False,True,True
141,train_250.png,2860,1316,0,0,0,False,False,False
142,train_266.png,1976,976,0,2,2,False,True,True
143,train_127.png,2842,1316,0,0,0,False,False,False
144,train_451.png,2789,1316,0,1,1,False,True,True
145,train_313.png,2872,1504,0,0,0,False,False,False
146,train_704.png,2880,1504,0,1,1,False,True,True
147,train_428.png,3076,1536,1,1,2,True,True,True
148,train_273.png,2868,1504,2,4,6,True,True,True
149,train_101.png,2916,1316,0,0,0,False,False,False
150,train_169.png,2892,1316,0,0,0,False,False,False
151,train_303.png,2872,1504,1,0,1,True,False,True
152,train_511.png,2872,1504,0,0,0,False,False,False
153,train_162.png,2952,1316,1,0,1,True,False,True
154,train_255.png,2954,1316,3,4,7,True,True,True
155,train_485.png,2802,1316,0,0,0,False,False,False
156,train_436.png,2872,1504,0,0,0,False,False,False
157,train_645.png,2908,1316,0,0,0,False,False,False
158,train_438.png,2689,1316,0,4,4,False,True,True
159,train_388.png,2860,1316,0,0,0,False,False,False
160,train_220.png,2920,1316,0,4,4,False,True,True
161,train_591.png,3076,1536,0,1,1,False,True,True
162,train_505.png,2930,1316,0,2,2,False,True,True
163,train_291.png,2788,1316,0,0,0,False,False,False
164,train_510.png,2896,1316,4,0,4,True,False,True
165,train_29.png,2810,1316,0,0,0,False,False,False
166,train_44.png,2953,1316,0,0,0,False,False,False
167,train_434.png,2496,1504,0,0,0,False,False,False
168,train_274.png,2942,1316,0,0,0,False,False,False
169,train_372.png,2802,1316,0,4,4,False,True,True
170,train_417.png,2982,1316,0,1,1,False,True,True
171,train_415.png,2964,1316,0,3,3,False,True,True
172,train_331.png,2872,1504,0,1,1,False,True,True
173,train_247.png,2842,1316,0,0,0,False,False,False
174,train_243.png,2872,1504,1,0,1,True,False,True
175,train_332.png,2983,1316,0,0,0,False,False,False
176,train_276.png,2872,1504,0,0,0,False,False,False
177,train_551.png,1976,976,0,3,3,False,True,True
178,train_170.png,2872,1504,0,2,2,False,True,True
179,train_407.png,2872,1504,0,0,0,False,False,False
180,train_529.png,2872,1504,1,0,1,True,False,True
181,train_84.png,2794,1316,0,0,0,False,False,False
182,train_467.png,2540,1504,1,0,1,True,False,True
183,train_664.png,2759,1316,0,0,0,False,False,False
184,train_102.png,2644,1504,0,0,0,False,False,False
185,train_615.png,2966,1316,0,0,0,False,False,False
186,train_330.png,3076,1536,0,0,0,False,False,False
187,train_496.png,3139,1350,1,0,1,True,False,True
188,train_79.png,1976,976,0,4,4,False,True,True
189,train_437.png,2856,1316,0,2,2,False,True,True
190,train_462.png,2872,1504,2,0,2,True,False,True
191,train_216.png,2868,1316,0,4,4,False,True,True
192,train_497.png,2872,1504,0,0,0,False,False,False
193,train_16.png,3076,1536,0,0,0,False,False,False
194,train_103.png,2952,1316,0,3,3,False,True,True
195,train_155.png,2868,1504,0,0,0,False,False,False
196,train_356.png,2799,1316,0,4,4,False,True,True
197,train_362.png,2872,1504,0,4,4,False,True,True
198,train_10.png,2837,1316,0,0,0,False,False,False
199,train_570.png,2909,1316,0,0,0,False,False,False
200,train_327.png,1976,976,0,0,0,False,False,False
201,train_506.png,2862,1316,0,0,0,False,False,False
202,train_391.png,2884,1504,2,1,3,True,True,True
203,train_22.png,2884,1504,0,1,1,False,True,True
204,train_177.png,2814,1316,1,0,1,True,False,True
205,train_30.png,2815,1316,0,2,2,False,True,True
206,train_611.png,2912,1316,0,0,0,False,False,False
207,train_524.png,2872,1504,1,0,1,True,False,True
208,train_325.png,2816,1316,0,0,0,False,False,False
209,train_596.png,2812,1316,0,1,1,False,True,True
210,train_130.png,2821,1316,0,0,0,False,False,False
211,train_402.png,2823,1316,0,0,0,False,False,False
212,train_277.png,1976,976,0,1,1,False,True,True
213,train_392.png,2872,1504,1,0,1,True,False,True
214,train_430.png,2952,1316,0,0,0,False,False,False
215,train_471.png,2412,1504,0,2,2,False,True,True
216,train_450.png,2872,1504,0,0,0,False,False,False
217,train_578.png,2982,1316,0,0,0,False,False,False
218,train_347.png,2920,1316,0,0,0,False,False,False
219,train_143.png,2932,1316,0,0,0,False,False,False
220,train_80.png,2728,1316,0,0,0,False,False,False
221,train_618.png,2814,1316,0,4,4,False,True,True
222,train_129.png,2872,1504,0,0,0,False,False,False
223,train_446.png,2872,1504,0,2,2,False,True,True
224,train_549.png,2814,1316,0,0,0,False,False,False
225,train_464.png,2872,1504,0,0,0,False,False,False
226,train_676.png,2754,1316,0,0,0,False,False,False
227,train_218.png,2846,1316,0,0,0,False,False,False
228,train_213.png,2851,1316,1,0,1,True,False,True
229,train_658.png,2656,1316,0,0,0,False,False,False
230,train_540.png,2723,1316,0,2,2,False,True,True
231,train_546.png,2886,1316,0,4,4,False,True,True
232,train_9.png,2872,1504,0,0,0,False,False,False
233,train_135.png,1976,976,0,0,0,False,False,False
234,train_681.png,2844,1316,0,0,0,False,False,False
235,train_261.png,2923,1316,1,0,1,True,False,True
236,train_152.png,2872,1504,0,1,1,False,True,True
237,train_548.png,2884,1504,0,1,1,False,True,True
238,train_561.png,2604,1504,0,0,0,False,False,False
239,train_696.png,2965,1316,1,0,1,True,False,True
240,train_455.png,2872,1504,1,0,1,True,False,True
241,train_519.png,2868,1504,0,0,0,False,False,False
242,train_358.png,2862,1316,0,0,0,False,False,False
243,train_623.png,2872,1504,0,0,0,False,False,False
244,train_49.png,1976,976,0,1,1,False,True,True
245,train_343.png,2772,1316,0,4,4,False,True,True
246,train_159.png,2820,1316,1,0,1,True,False,True
247,train_25.png,2822,1316,0,1,1,False,True,True
248,train_287.png,2954,1316,0,0,0,False,False,False
249,train_365.png,2872,1504,1,0,1,True,False,True
250,train_515.png,2860,1316,0,0,0,False,False,False
251,train_460.png,2872,1504,0,2,2,False,True,True
252,train_454.png,2981,1316,0,2,2,False,True,True
253,train_107.png,2868,1504,0,0,0,False,False,False
254,train_85.png,2785,1316,0,0,0,False,False,False
255,train_477.png,2888,1504,0,0,0,False,False,False
256,train_583.png,2839,1316,1,0,1,True,False,True
257,train_602.png,2872,1504,0,0,0,False,False,False
258,train_4.png,2820,1316,0,0,0,False,False,False
259,train_154.png,2971,1316,0,0,0,False,False,False
260,train_336.png,2948,1316,0,0,0,False,False,False
261,train_195.png,2872,1504,0,4,4,False,True,True
262,train_322.png,2848,1316,0,0,0,False,False,False
263,train_593.png,2872,1504,0,0,0,False,False,False
264,train_228.png,2981,1316,1,0,1,True,False,True
265,train_412.png,2872,1504,1,0,1,True,False,True
266,train_26.png,2872,1504,0,1,1,False,True,True
267,train_674.png,2850,1316,0,2,2,False,True,True
268,train_609.png,2809,1316,0,3,3,False,True,True
269,train_160.png,2868,1504,0,0,0,False,False,False
270,train_514.png,2953,1316,0,1,1,False,True,True
271,train_416.png,2991,1316,0,0,0,False,False,False
272,train_191.png,2880,1504,2,3,5,True,True,True
273,train_665.png,2929,1316,0,0,0,False,False,False
274,train_527.png,2939,1316,0,0,0,False,False,False
275,train_38.png,2872,1504,0,0,0,False,False,False
276,train_88.png,2872,1504,0,0,0,False,False,False
277,train_11.png,2872,1504,1,0,1,True,False,True
278,train_373.png,2872,1504,0,0,0,False,False,False
279,train_542.png,2872,1504,0,4,4,False,True,True
280,train_181.png,2872,1504,0,1,1,False,True,True
281,train_156.png,2892,1316,0,0,0,False,False,False
282,train_57.png,2872,1504,0,0,0,False,False,False
283,train_555.png,2828,1316,0,2,2,False,True,True
284,train_308.png,2692,1316,0,0,0,False,False,False
285,train_171.png,2882,1316,0,0,0,False,False,False
286,train_421.png,2944,1316,0,0,0,False,False,False
287,train_37.png,2872,1504,0,0,0,False,False,False
288,train_98.png,2942,1316,1,1,2,True,True,True
289,train_353.png,2888,1504,0,4,4,False,True,True
290,train_14.png,2828,1316,1,0,1,True,False,True
291,train_128.png,2851,1316,0,4,4,False,True,True
292,train_252.png,2875,1316,0,0,0,False,False,False
293,train_211.png,2972,1316,0,1,1,False,True,True
294,train_286.png,2948,1316,0,0,0,False,False,False
295,train_93.png,2953,1316,0,4,4,False,True,True
296,train_703.png,2822,1316,0,3,3,False,True,True
297,train_610.png,2748,1316,0,0,0,False,False,False
298,train_304.png,2952,1316,0,0,0,False,False,False
299,train_585.png,2872,1504,0,0,0,False,False,False
300,train_584.png,2868,1504,0,0,0,False,False,False
301,train_172.png,2885,1316,0,1,1,False,True,True
302,train_124.png,2882,1316,0,4,4,False,True,True
303,train_145.png,2872,1504,4,0,4,True,False,True
304,train_528.png,2948,1316,0,2,2,False,True,True
305,train_576.png,2758,1316,1,0,1,True,False,True
306,train_280.png,2844,1316,2,0,2,True,False,True
307,train_312.png,2872,1504,0,0,0,False,False,False
308,train_200.png,2936,1316,0,0,0,False,False,False
309,train_265.png,2872,1504,1,2,3,True,True,True
310,train_394.png,2884,1316,0,0,0,False,False,False
311,train_468.png,2989,1316,0,0,0,False,False,False
312,train_423.png,2796,1316,0,4,4,False,True,True
313,train_56.png,2872,1504,1,0,1,True,False,True
314,train_158.png,2872,1504,0,0,0,False,False,False
315,train_234.png,1976,976,0,0,0,False,False,False
316,train_299.png,2872,1504,0,0,0,False,False,False
317,train_115.png,2897,1316,0,0,0,False,False,False
318,train_214.png,1976,976,0,0,0,False,False,False
319,train_648.png,2710,1316,0,0,0,False,False,False
320,train_376.png,2881,1316,0,1,1,False,True,True
321,train_620.png,2945,1316,0,4,4,False,True,True
322,train_241.png,2872,1504,1,0,1,True,False,True
323,train_134.png,2718,1316,0,1,1,False,True,True
324,train_636.png,2880,1504,0,0,0,False,False,False
325,train_281.png,2836,1316,2,2,4,True,True,True
326,train_183.png,2977,1316,0,1,1,False,True,True
327,train_366.png,2830,1316,2,0,2,True,False,True
328,train_123.png,2724,1316,0,0,0,False,False,False
329,train_413.png,2906,1316,0,0,0,False,False,False
330,train_118.png,2688,1504,0,0,0,False,False,False
331,train_40.png,3001,1316,0,0,0,False,False,False
332,train_367.png,2839,1316,0,0,0,False,False,False
333,train_586.png,2500,1504,0,0,0,False,False,False
334,train_386.png,2952,1316,0,0,0,False,False,False
335,train_104.png,2712,1316,0,1,1,False,True,True
336,train_662.png,2892,1316,0,0,0,False,False,False
337,train_51.png,2951,1316,0,0,0,False,False,False
338,train_565.png,2861,1316,0,3,3,False,True,True
339,train_219.png,2688,1504,0,0,0,False,False,False
340,train_133.png,2884,1504,0,0,0,False,False,False
341,train_363.png,2799,1316,1,0,1,True,False,True
342,train_685.png,2872,1504,0,0,0,False,False,False
343,train_483.png,1976,976,0,4,4,False,True,True
344,train_260.png,1976,976,0,1,1,False,True,True
345,train_340.png,2937,1316,0,0,0,False,False,False
346,train_643.png,2900,1316,0,1,1,False,True,True
347,train_408.png,2964,1316,0,0,0,False,False,False
348,train_670.png,2771,1316,0,1,1,False,True,True
349,train_27.png,2822,1316,1,4,5,True,True,True
350,train_699.png,2768,1316,0,0,0,False,False,False
351,train_65.png,2800,1316,0,0,0,False,False,False
352,train_622.png,2977,1316,0,1,1,False,True,True
353,train_374.png,2868,1504,0,0,0,False,False,False
354,train_297.png,2872,1504,0,0,0,False,False,False
355,train_571.png,2775,1316,0,0,0,False,False,False
356,train_301.png,2512,1504,2,0,2,True,False,True
357,train_476.png,1976,976,1,0,1,True,False,True
358,train_105.png,2843,1316,0,3,3,False,True,True
359,train_557.png,2967,1316,1,0,1,True,False,True
360,train_248.png,2872,1316,0,0,0,False,False,False
361,train_253.png,2966,1316,0,0,0,False,False,False
362,train_293.png,2856,1316,1,0,1,True,False,True
363,train_484.png,2971,1316,0,3,3,False,True,True
364,train_649.png,2922,1316,0,1,1,False,True,True
365,train_688.png,2864,1316,0,2,2,False,True,True
366,train_612.png,2769,1316,0,0,0,False,False,False
367,train_695.png,2872,1504,0,0,0,False,False,False
368,train_257.png,2793,1316,0,1,1,False,True,True
369,train_562.png,2868,1504,3,3,6,True,True,True
370,train_631.png,2903,1316,0,1,1,False,True,True
371,train_624.png,1976,976,0,3,3,False,True,True
372,train_677.png,3020,1350,0,0,0,False,False,False
373,train_470.png,2857,1316,0,0,0,False,False,False
374,train_314.png,2872,1504,0,2,2,False,True,True
375,train_635.png,2918,1316,0,3,3,False,True,True
376,train_600.png,2980,1316,1,1,2,True,True,True
377,train_150.png,2802,1316,0,4,4,False,True,True
378,train_161.png,2674,1316,0,4,4,False,True,True
379,train_174.png,2890,1316,0,1,1,False,True,True
380,train_151.png,2984,1316,0,2,2,False,True,True
381,train_692.png,2806,1316,0,0,0,False,False,False
382,train_680.png,2798,1316,0,0,0,False,False,False
383,train_530.png,2828,1316,0,2,2,False,True,True
384,train_632.png,2822,1316,0,4,4,False,True,True
385,train_409.png,2868,1504,0,0,0,False,False,False
386,train_121.png,2872,1504,0,0,0,False,False,False
387,train_64.png,2896,1316,0,4,4,False,True,True
388,train_507.png,2926,1316,0,4,4,False,True,True
389,train_196.png,3076,1536,0,0,0,False,False,False
390,train_689.png,2751,1316,1,1,2,True,True,True
391,train_369.png,2966,1316,0,0,0,False,False,False
392,train_244.png,2548,1504,0,0,0,False,False,False
393,train_173.png,2982,1316,0,1,1,False,True,True
394,train_94.png,2872,1504,1,0,1,True,False,True
395,train_488.png,2741,1316,0,0,0,False,False,False
396,train_401.png,2758,1316,0,1,1,False,True,True
397,train_232.png,2986,1316,0,0,0,False,False,False
398,train_629.png,2833,1316,0,2,2,False,True,True
399,train_605.png,2868,1504,1,2,3,True,True,True
400,train_489.png,2921,1316,0,1,1,False,True,True
401,train_334.png,2872,1504,0,0,0,False,False,False
402,train_116.png,3001,1316,0,0,0,False,False,False
403,train_639.png,2852,1316,1,0,1,True,False,True
404,train_582.png,2977,1316,0,4,4,False,True,True
405,train_259.png,2816,1316,0,0,0,False,False,False
406,train_205.png,2868,1504,0,0,0,False,False,False
407,train_442.png,2983,1316,0,2,2,False,True,True
408,train_122.png,2820,1316,0,0,0,False,False,False
409,train_478.png,2830,1316,0,0,0,False,False,False
410,train_59.png,2862,1316,1,0,1,True,False,True
411,train_83.png,2872,1504,0,0,0,False,False,False
412,train_349.png,2757,1316,1,0,1,True,False,True
413,train_626.png,2811,1316,0,1,1,False,True,True
414,train_74.png,2576,1504,0,0,0,False,False,False
415,train_566.png,2856,1316,0,4,4,False,True,True
416,train_660.png,2939,1316,0,2,2,False,True,True
417,train_526.png,2902,1316,0,0,0,False,False,False
418,train_614.png,2872,1504,0,2,2,False,True,True
419,train_590.png,2954,1316,0,0,0,False,False,False
420,train_67.png,2872,1504,3,2,5,True,True,True
421,train_321.png,2872,1504,0,4,4,False,True,True
422,train_346.png,2959,1316,0,0,0,False,False,False
423,train_469.png,2979,1316,1,0,1,True,False,True
424,train_320.png,2885,1316,0,0,0,False,False,False
425,train_396.png,2872,1504,0,4,4,False,True,True
426,train_20.png,2832,1316,0,0,0,False,False,False
427,train_597.png,2723,1316,0,0,0,False,False,False
428,train_535.png,2954,1316,0,0,0,False,False,False
429,train_215.png,2938,1316,0,0,0,False,False,False
430,train_148.png,2872,1504,0,4,4,False,True,True
431,train_403.png,2512,1504,0,0,0,False,False,False
432,train_382.png,2820,1316,0,0,0,False,False,False
433,train_50.png,2872,1504,0,0,0,False,False,False
434,train_245.png,2936,1316,0,0,0,False,False,False
435,train_337.png,2872,1504,0,0,0,False,False,False
436,train_406.png,2856,1316,1,1,2,True,True,True
437,train_24.png,2980,1316,0,0,0,False,False,False
438,train_552.png,1976,976,0,0,0,False,False,False
439,train_387.png,2731,1316,1,1,2,True,True,True
440,train_206.png,2917,1316,0,0,0,False,False,False
441,train_73.png,2900,1316,0,0,0,False,False,False
442,train_1.png,2750,1316,0,2,2,False,True,True
443,train_100.png,2872,1504,2,1,3,True,True,True
444,train_106.png,2990,1316,0,0,0,False,False,False
445,train_594.png,2872,1504,0,0,0,False,False,False
446,train_459.png,2872,1316,1,1,2,True,True,True
447,train_377.png,2973,1316,0,0,0,False,False,False
448,train_164.png,2798,1316,0,3,3,False,True,True
449,train_142.png,2993,1316,0,0,0,False,False,False
450,train_2.png,2872,1504,0,2,2,False,True,True
451,train_439.png,2872,1504,0,0,0,False,False,False
452,train_638.png,2972,1316,0,0,0,False,False,False
453,train_306.png,2954,1316,1,0,1,True,False,True
454,train_6.png,2835,1316,0,0,0,False,False,False
455,train_146.png,1976,976,0,0,0,False,False,False
456,train_237.png,2884,1504,0,0,0,False,False,False
457,train_652.png,2872,1504,0,0,0,False,False,False
458,train_461.png,2833,1316,0,2,2,False,True,True
459,train_473.png,2969,1316,0,0,0,False,False,False
460,train_381.png,2950,1316,0,0,0,False,False,False
461,train_361.png,2799,1316,0,0,0,False,False,False
462,train_651.png,2872,1504,0,3,3,False,True,True
463,train_691.png,2827,1316,1,3,4,True,True,True
464,train_351.png,2872,1504,0,0,0,False,False,False
465,train_76.png,2872,1504,1,0,1,True,False,True
466,train_236.png,2698,1316,0,4,4,False,True,True
467,train_69.png,2963,1316,0,4,4,False,True,True
468,train_532.png,2868,1504,0,0,0,False,False,False
469,train_226.png,2884,1504,0,0,0,False,False,False
470,train_379.png,2820,1316,0,0,0,False,False,False
471,train_486.png,2921,1316,0,0,0,False,False,False
472,train_132.png,2819,1316,0,4,4,False,True,True
473,train_239.png,2955,1316,0,0,0,False,False,False
474,train_375.png,2872,1504,0,0,0,False,False,False
475,train_190.png,2863,1316,0,0,0,False,False,False
476,train_697.png,2428,1504,0,0,0,False,False,False
477,train_77.png,2872,1504,2,0,2,True,False,True
478,train_168.png,2868,1504,4,0,4,True,False,True
479,train_425.png,2844,1316,0,0,0,False,False,False
480,train_414.png,2855,1316,0,0,0,False,False,False
481,train_267.png,2858,1316,1,4,5,True,True,True
482,train_448.png,2765,1316,0,0,0,False,False,False
483,train_8.png,2872,1504,0,3,3,False,True,True
484,train_144.png,2868,1504,0,0,0,False,False,False
485,train_208.png,2868,1504,0,0,0,False,False,False
486,train_96.png,2868,1504,0,1,1,False,True,True
487,train_503.png,2868,1504,1,2,3,True,True,True
488,train_282.png,2796,1316,0,4,4,False,True,True
489,train_99.png,2840,1316,0,0,0,False,False,False
490,train_48.png,2885,1316,0,0,0,False,False,False
491,train_352.png,2812,1316,0,0,0,False,False,False
492,train_411.png,2872,1504,0,0,0,False,False,False
493,train_512.png,2872,1504,0,1,1,False,True,True
494,train_89.png,2931,1316,0,0,0,False,False,False
495,train_398.png,2914,1316,0,1,1,False,True,True
496,train_410.png,2838,1316,0,0,0,False,False,False
497,train_579.png,2950,1316,0,0,0,False,False,False
498,train_119.png,2805,1316,0,0,0,False,False,False
499,train_109.png,2872,1504,0,2,2,False,True,True
500,train_543.png,2892,1503,0,4,4,False,True,True
501,train_492.png,2868,1504,0,3,3,False,True,True
502,train_364.png,3076,1536,0,1,1,False,True,True
503,train_517.png,2872,1504,0,2,2,False,True,True
504,train_310.png,2872,1504,0,0,0,False,False,False
505,train_147.png,2868,1504,0,0,0,False,False,False
506,train_81.png,2860,1316,0,0,0,False,False,False
507,train_28.png,2742,1316,0,0,0,False,False,False
508,train_91.png,2985,1316,0,0,0,False,False,False
509,train_272.png,2868,1504,1,0,1,True,False,True
510,train_296.png,2940,1316,0,0,0,False,False,False
511,train_78.png,2791,1316,0,2,2,False,True,True
512,train_650.png,2872,1504,0,0,0,False,False,False
513,train_341.png,2842,1316,0,0,0,False,False,False
514,train_472.png,3004,1316,1,4,5,True,True,True
515,train_198.png,2969,1316,0,4,4,False,True,True
516,train_212.png,2882,1316,0,3,3,False,True,True
517,train_560.png,2789,1316,0,2,2,False,True,True
518,train_295.png,2916,1316,0,2,2,False,True,True
519,train_203.png,2826,1316,0,0,0,False,False,False
520,train_420.png,2884,1504,4,0,4,True,False,True
521,train_572.png,2927,1316,1,0,1,True,False,True
522,train_157.png,2872,1504,0,1,1,False,True,True
523,train_445.png,2774,1316,0,0,0,False,False,False
524,train_672.png,2903,1316,0,0,0,False,False,False
525,train_628.png,2845,1316,0,0,0,False,False,False
526,train_575.png,2556,1504,0,2,2,False,True,True
527,train_554.png,2933,1316,0,1,1,False,True,True
528,train_625.png,2756,1316,1,4,5,True,True,True
529,train_494.png,2612,1504,0,3,3,False,True,True
530,train_202.png,2977,1316,0,0,0,False,False,False
531,train_523.png,2942,1316,2,0,2,True,False,True
532,train_640.png,2920,1316,1,0,1,True,False,True
533,train_595.png,2841,1316,0,1,1,False,True,True
534,train_690.png,2750,1316,0,0,0,False,False,False
535,train_659.png,2932,1316,0,0,0,False,False,False
536,train_481.png,2480,1504,0,1,1,False,True,True
537,train_126.png,2858,1316,0,0,0,False,False,False
538,train_432.png,2868,1504,0,0,0,False,False,False
539,train_262.png,2833,1316,0,0,0,False,False,False
540,train_149.png,2812,1316,0,0,0,False,False,False
541,train_443.png,2880,1504,0,0,0,False,False,False
542,train_533.png,2964,1316,0,0,0,False,False,False
543,train_433.png,2842,1316,1,0,1,True,False,True
544,train_501.png,2824,1316,0,0,0,False,False,False
545,train_371.png,2886,1316,0,0,0,False,False,False
546,train_270.png,2868,1504,0,1,1,False,True,True
547,train_18.png,2872,1504,0,4,4,False,True,True
548,train_39.png,2612,1504,1,0,1,True,False,True
549,train_504.png,2856,1316,0,0,0,False,False,False
550,train_577.png,2732,1316,0,0,0,False,False,False
551,train_339.png,2922,1316,1,4,5,True,True,True
552,train_644.png,2899,1316,0,0,0,False,False,False
553,train_184.png,2872,1504,0,0,0,False,False,False
554,train_167.png,2989,1316,0,0,0,False,False,False
555,train_72.png,2892,1503,0,3,3,False,True,True
556,train_192.png,2872,1504,0,4,4,False,True,True
557,train_207.png,2796,1316,0,0,0,False,False,False
558,train_516.png,2892,1316,0,0,0,False,False,False
559,train_598.png,2984,1316,0,2,2,False,True,True
560,train_359.png,2986,1316,0,2,2,False,True,True
561,train_539.png,2768,1316,0,4,4,False,True,True
562,train_17.png,2872,1504,0,1,1,False,True,True
563,train_619.png,2830,1316,0,0,0,False,False,False
564,train_678.png,2872,1504,0,0,0,False,False,False
565,train_268.png,2657,1316,0,4,4,False,True,True
566,train_182.png,3003,1316,0,0,0,False,False,False
567,train_302.png,2828,1316,0,0,0,False,False,False
568,train_426.png,2872,1504,0,0,0,False,False,False
569,train_661.png,2872,1504,0,1,1,False,True,True
570,train_70.png,2862,1316,0,0,0,False,False,False
571,train_345.png,2846,1316,0,4,4,False,True,True
572,train_47.png,2819,1316,0,1,1,False,True,True
573,train_15.png,2904,1316,0,0,0,False,False,False
574,train_279.png,2885,1316,0,4,4,False,True,True
575,train_201.png,2868,1504,0,1,1,False,True,True
576,train_269.png,2612,1504,0,1,1,False,True,True
577,train_131.png,3003,1316,0,0,0,False,False,False
578,train_43.png,2868,1504,0,1,1,False,True,True
579,train_230.png,2951,1316,0,0,0,False,False,False
580,train_653.png,2873,1316,0,0,0,False,False,False
581,train_189.png,2580,1504,0,0,0,False,False,False
582,train_75.png,2872,1504,1,3,4,True,True,True
583,train_580.png,2804,1316,0,4,4,False,True,True
584,train_684.png,2694,1316,0,0,0,False,False,False
585,train_32.png,2802,1316,0,1,1,False,True,True
586,train_316.png,2783,1316,0,0,0,False,False,False
587,train_175.png,2933,1316,0,0,0,False,False,False
588,train_550.png,2872,1504,1,1,2,True,True,True
589,train_701.png,2906,1316,0,0,0,False,False,False
590,train_21.png,1976,976,0,0,0,False,False,False
591,train_165.png,2814,1316,0,0,0,False,False,False
592,train_333.png,2766,1316,0,0,0,False,False,False
593,train_419.png,2964,1316,0,0,0,False,False,False
594,train_537.png,2880,1504,0,0,0,False,False,False
595,train_63.png,3001,1316,0,1,1,False,True,True
596,train_574.png,2872,1504,0,0,0,False,False,False
597,train_55.png,2872,1504,2,0,2,True,False,True
598,train_307.png,2893,1316,0,0,0,False,False,False
599,train_278.png,2922,1316,0,0,0,False,False,False
600,train_418.png,2840,1316,0,1,1,False,True,True
601,train_380.png,2884,1504,0,0,0,False,False,False
602,train_633.png,2973,1316,0,3,3,False,True,True
603,train_491.png,2936,1316,0,0,0,False,False,False
604,train_354.png,3045,1350,0,2,2,False,True,True
605,train_520.png,2942,1316,0,0,0,False,False,False
606,train_163.png,2917,1316,0,0,0,False,False,False
607,train_242.png,2844,1316,0,0,0,False,False,False
608,train_36.png,2544,1504,0,4,4,False,True,True
609,train_186.png,2891,1316,0,0,0,False,False,False
610,train_397.png,3002,1316,0,0,0,False,False,False
611,train_508.png,2872,1504,0,0,0,False,False,False
612,train_522.png,2925,1316,0,0,0,False,False,False
613,train_384.png,2872,1504,0,0,0,False,False,False
614,train_569.png,2868,1504,0,2,2,False,True,True
615,train_553.png,2872,1504,1,0,1,True,False,True
616,train_140.png,2872,1504,0,0,0,False,False,False
617,train_449.png,2872,1504,0,0,0,False,False,False
618,train_547.png,2780,1316,0,0,0,False,False,False
619,train_284.png,2872,1504,0,4,4,False,True,True
620,train_222.png,2872,1504,0,0,0,False,False,False
621,train_671.png,2892,1503,0,2,2,False,True,True
622,train_60.png,2969,1316,0,0,0,False,False,False
623,train_114.png,2870,1316,0,0,0,False,False,False
624,train_318.png,2808,1316,0,0,0,False,False,False
625,train_395.png,2872,1504,1,0,1,True,False,True
626,train_357.png,2492,1504,0,0,0,False,False,False
627,train_567.png,2914,1316,0,0,0,False,False,False
628,train_399.png,2868,1504,0,3,3,False,True,True
629,train_390.png,2868,1504,0,0,0,False,False,False
630,train_490.png,2744,1316,0,0,0,False,False,False
631,train_642.png,2879,1316,0,0,0,False,False,False
632,train_587.png,2714,1316,0,1,1,False,True,True
633,train_53.png,2884,1504,0,4,4,False,True,True
634,train_427.png,2927,1316,0,0,0,False,False,False
635,train_641.png,2989,1316,0,2,2,False,True,True
636,train_667.png,2923,1316,0,2,2,False,True,True
637,train_139.png,2831,1316,0,0,0,False,False,False
638,train_256.png,2884,1504,0,4,4,False,True,True
639,train_42.png,2828,1316,0,0,0,False,False,False
640,train_221.png,2965,1316,0,0,0,False,False,False
641,train_23.png,2872,1504,0,1,1,False,True,True
642,train_563.png,2907,1316,0,0,0,False,False,False
643,train_97.png,2892,1504,1,0,1,True,False,True
644,train_601.png,2795,1316,0,0,0,False,False,False
645,train_197.png,2872,1504,1,0,1,True,False,True
646,train_275.png,2872,1504,2,0,2,True,False,True
647,train_422.png,2836,1316,0,1,1,False,True,True
648,train_378.png,2805,1316,0,1,1,False,True,True
649,train_258.png,2872,1504,1,2,3,True,True,True
650,train_616.png,2476,1504,0,0,0,False,False,False
651,train_647.png,2935,1316,0,0,0,False,False,False
652,train_178.png,2868,1504,0,0,0,False,False,False
653,train_350.png,2850,1316,0,0,0,False,False,False
654,train_249.png,2868,1504,0,2,2,False,True,True
655,train_235.png,2772,1316,0,0,0,False,False,False
656,train_180.png,2616,1504,0,0,0,False,False,False
657,train_317.png,2802,1316,0,0,0,False,False,False
658,train_13.png,2935,1316,0,3,3,False,True,True
659,train_463.png,2824,1316,0,0,0,False,False,False
660,train_68.png,2964,1316,0,0,0,False,False,False
661,train_82.png,2872,1504,1,3,4,True,True,True
662,train_360.png,2872,1504,0,0,0,False,False,False
663,train_589.png,2954,1316,0,2,2,False,True,True
664,train_368.png,2967,1316,0,2,2,False,True,True
665,train_288.png,1976,976,0,0,0,False,False,False
666,train_71.png,2965,1316,0,0,0,False,False,False
667,train_46.png,2864,1316,0,3,3,False,True,True
668,train_34.png,2872,1504,1,1,2,True,True,True
669,train_298.png,2628,1504,0,0,0,False,False,False
670,train_342.png,2942,1316,0,0,0,False,False,False
671,train_429.png,2854,1316,0,2,2,False,True,True
672,train_90.png,2868,1504,0,4,4,False,True,True
673,train_45.png,2838,1316,0,0,0,False,False,False
674,train_323.png,2868,1504,1,0,1,True,False,True
675,train_444.png,2750,1316,0,2,2,False,True,True
676,train_525.png,2657,1316,0,2,2,False,True,True
677,train_185.png,2894,1316,0,0,0,False,False,False
678,train_465.png,2928,1316,0,0,0,False,False,False
679,train_335.png,2659,1316,0,4,4,False,True,True
680,train_627.png,2670,1316,0,1,1,False,True,True
681,train_227.png,2922,1316,0,0,0,False,False,False
682,train_52.png,2836,1316,0,0,0,False,False,False
683,train_556.png,2727,1316,0,0,0,False,False,False
684,train_179.png,2838,1316,0,4,4,False,True,True
685,train_329.png,2869,1316,0,0,0,False,False,False
686,train_558.png,2868,1504,0,2,2,False,True,True
687,train_479.png,2872,1504,2,1,3,True,True,True
688,train_607.png,2870,1316,1,0,1,True,False,True
689,train_138.png,2753,1316,0,0,0,False,False,False
690,train_668.png,2871,1316,0,0,0,False,False,False
691,train_194.png,2800,1316,0,1,1,False,True,True
692,train_111.png,2806,1316,0,0,0,False,False,False
693,train_33.png,3003,1316,0,0,0,False,False,False
694,train_389.png,2873,1316,0,0,0,False,False,False
695,train_120.png,2875,1316,0,0,0,False,False,False
696,train_238.png,2886,1316,1,0,1,True,False,True
697,train_224.png,2978,1316,0,3,3,False,True,True
698,train_675.png,2872,1504,0,0,0,False,False,False
699,train_193.png,2872,1504,0,0,0,False,False,False
700,train_613.png,2802,1316,0,1,1,False,True,True
701,train_338.png,2910,1316,0,2,2,False,True,True
702,train_657.png,2851,1316,0,0,0,False,False,False
703,train_344.png,2850,1316,0,0,0,False,False,False
704,train_599.png,2872,1504,2,1,3,True,True,True
705,train_370.png,2948,1316,0,0,0,False,False,False
